id,ts,run_id,phase,acronym,level,message
1,2026-09-23T02:20:36+00:00,20260922-212036-f0644b,init,,INFO,"session started, work_dir=C:\owl4_run"
2,2026-09-23T02:20:49+00:00,20260922-212036-f0644b,evaluate,,INFO,"worker ready: {""type"": ""ready"", ""pid"": 32440, ""device"": ""cuda"", ""batch_size"": 128, ""model_load_seconds"": 5.96, ""torch"": ""2.12.0.dev20260330+cu128"", ""cuda_available"": true, ""gpu_name"": ""NVIDIA GeForce RTX 5090"", ""python"": ""3.11.15"", ""platform"": ""Windows-10-10.0.26200-SP0""}"
3,2026-09-23T02:20:51+00:00,20260922-212036-f0644b,parity,,INFO,"[{""name"": ""tiny"", ""ok"": true, ""got"": {""describe_score"": 9.29, ""define_score"": 4.81, ""connection_score"": 1.65, ""flat_score"": 6}, ""expected"": {""describe_score"": 9.29, ""define_score"": 4.81, ""connection_score"": 1.65, ""flat_score"": 6}, ""seconds"": 0.566}, {""name"": ""goodrelations"", ""ok"": true, ""got"": {""describe_score"": 9.29, ""define_score"": 6.09, ""connection_score"": 3.87, ""flat_score"": 8}, ""expected"": {""describe_score"": 9.29, ""define_score"": 6.09, ""connection_score"": 3.87, ""flat_score"": 8}, ""seconds"": 0.476}]"
4,2026-09-23T02:20:53+00:00,20260922-212036-f0644b,catalog,,INFO,1289 ontologies listed
5,2026-09-23T02:30:01+00:00,20260922-212036-f0644b,catalog,,INFO,"catalog phase finished: {'ok': 1262, 'no_submission': 27}"
6,2026-09-23T03:02:53+00:00,20260922-212036-f0644b,download,PR,WARNING,"failed: stream failed: ChunkedEncodingError: ('Connection broken: IncompleteRead(1074454528 bytes read, 204960142 more expected)', IncompleteRead(1074454528 bytes read, 204960142 more expected))"
7,2026-09-23T03:26:11+00:00,20260922-212036-f0644b,download,,INFO,"download phase finished: {'ok': 19, 'failed': 1}"
8,2026-09-23T03:26:18+00:00,20260922-212036-f0644b,evaluate,,INFO,"worker ready: {""type"": ""ready"", ""pid"": 24336, ""device"": ""cuda"", ""batch_size"": 128, ""model_load_seconds"": 5.72, ""torch"": ""2.12.0.dev20260330+cu128"", ""cuda_available"": true, ""gpu_name"": ""NVIDIA GeForce RTX 5090"", ""python"": ""3.11.15"", ""platform"": ""Windows-10-10.0.26200-SP0""}"
9,2026-09-23T03:29:41+00:00,20260922-212036-f0644b,evaluate,GAZ,WARNING,parse_failed at stage parse: unsupported_format:obo
10,2026-09-23T04:00:54+00:00,20260922-212036-f0644b,evaluate,,INFO,"evaluate phase finished: {'done': 18, 'parse_failed': 1}; worker restarts 0"
11,2026-09-23T04:00:54+00:00,20260922-212036-f0644b,export,,INFO,exported 15 files to C:\owl4_run\exports
12,2026-09-23T04:10:38+00:00,20260922-212036-f0644b,download,HERO,WARNING,"not_downloadable: {""errors"":[""License restrictions on download for HERO""],""status"":403}"
13,2026-09-23T04:11:55+00:00,20260922-212036-f0644b,download,WHO-ART,WARNING,"not_downloadable: {""errors"":[""License restrictions on download for WHO-ART""],""status"":403}"
14,2026-09-23T04:15:32+00:00,20260922-212036-f0644b,download,ICNP,WARNING,"not_downloadable: {""errors"":[""License restrictions on download for ICNP""],""status"":403}"
15,2026-09-23T04:17:46+00:00,20260922-212036-f0644b,download,ICPC2P,WARNING,"not_downloadable: {""errors"":[""License restrictions on download for ICPC2P""],""status"":403}"
16,2026-09-23T04:20:47+00:00,20260922-212036-f0644b,download,ICD10,WARNING,"not_downloadable: {""errors"":[""License restrictions on download for ICD10""],""status"":403}"
17,2026-09-23T04:22:50+00:00,20260922-212036-f0644b,download,MDDB,WARNING,"not_downloadable: {""errors"":[""License restrictions on download for MDDB""],""status"":403}"
18,2026-09-23T04:32:00+00:00,20260922-212036-f0644b,download,NDDF,WARNING,"not_downloadable: {""errors"":[""License restrictions on download for NDDF""],""status"":403}"
19,2026-09-23T04:34:13+00:00,20260922-212036-f0644b,download,NDFRT,WARNING,"not_downloadable: {""errors"":[""License restrictions on download for NDFRT""],""status"":403}"
20,2026-09-23T05:02:47+00:00,20260922-212036-f0644b,download,RCD,WARNING,"not_downloadable: {""errors"":[""License restrictions on download for RCD""],""status"":403}"
21,2026-09-23T05:48:20+00:00,20260922-212036-f0644b,download,SNOMEDCT,WARNING,"not_downloadable: {""errors"":[""License restrictions on download for SNOMEDCT""],""status"":403}"
22,2026-09-23T06:03:24+00:00,20260922-212036-f0644b,download,HCMO,WARNING,html_response: server returned HTML
23,2026-09-23T06:03:24+00:00,20260922-212036-f0644b,download,HSCLO38,WARNING,"not_found: {""errors"":[""No source file is available for this submission""],""status"":404}"
24,2026-09-23T06:03:25+00:00,20260922-212036-f0644b,download,FLUXO,WARNING,html_response: server returned HTML
25,2026-09-23T06:03:25+00:00,20260922-212036-f0644b,download,,INFO,"download phase finished: {'ok': 1217, 'summary_only': 12, 'already_ok': 19, 'not_downloadable': 10, 'already_failed': 1, 'html_response': 2, 'not_found': 1}"
26,2026-09-23T06:03:32+00:00,20260922-212036-f0644b,evaluate,,INFO,"worker ready: {""type"": ""ready"", ""pid"": 22916, ""device"": ""cuda"", ""batch_size"": 128, ""model_load_seconds"": 5.95, ""torch"": ""2.12.0.dev20260330+cu128"", ""cuda_available"": true, ""gpu_name"": ""NVIDIA GeForce RTX 5090"", ""python"": ""3.11.15"", ""platform"": ""Windows-10-10.0.26200-SP0""}"
27,2026-09-23T06:03:32+00:00,20260922-212036-f0644b,evaluate,FASTO,WARNING,parse_failed at stage parse: unsupported_format:empty
28,2026-09-23T06:03:32+00:00,20260922-212036-f0644b,evaluate,DMTO,WARNING,parse_failed at stage parse: unsupported_format:empty
29,2026-09-23T06:03:37+00:00,20260922-212036-f0644b,evaluate,CATALOG-THEMES,WARNING,"parse_failed at stage parse: C:\owl4_run\downloads\CATALOG-THEMES\3\CATALOG-THEMES_3_rdf.xrdf: unsupported format (tried xml, auto, turtle, n3, nt, trig, trix). Last error: file:///C:/owl4_run/downloads/CATALOG-THEMES/3/CATALOG-THEMES_3_rdf.xrdf:2:0: syntax error"
30,2026-09-23T06:03:54+00:00,20260922-212036-f0644b,evaluate,VODANETHIOPIA_OR,WARNING,"parse_failed at stage parse: C:\owl4_run\downloads\VODANETHIOPIA_OR\4\extracted\xl\worksheets\sheet1.xml: unsupported format (tried xml, auto, turtle, n3, nt, trig, trix). Last error: file:///C:/owl4_run/downloads/VODANETHIOPIA_OR/4/extracted/xl/worksheets/sheet1.xml:2:0: Only elements in the TriX namespace are allowed. http://schemas.openxmlformats.org/spreadsheetml/2006/main!=http://www.w3.org/2004/03/trix/trix-1/"
31,2026-09-23T06:06:00+00:00,20260922-212036-f0644b,evaluate,YUNPING,WARNING,"parse_failed at stage parse: C:\owl4_run\downloads\YUNPING\1\YUNPING_1_rdf.xrdf: unsupported format (tried xml, auto, turtle, n3, nt, trig, trix). Last error: file:///C:/owl4_run/downloads/YUNPING/1/YUNPING_1_rdf.xrdf:2:0: Only elements in the TriX namespace are allowed. http://www.w3.org/1999/02/22-rdf-syntax-ns#!=http://www.w3.org/2004/03/trix/trix-1/"
32,2026-09-23T06:06:26+00:00,20260922-212036-f0644b,evaluate,PEO_ONTOLOGY,WARNING,"parse_failed at stage parse: C:\owl4_run\downloads\PEO_ONTOLOGY\3\PEO_ONTOLOGY_3_rdf.xrdf: unsupported format (tried xml, auto, turtle, n3, nt, trig, trix). Last error: file:///C:/owl4_run/downloads/PEO_ONTOLOGY/3/PEO_ONTOLOGY_3_rdf.xrdf:2:0: Only elements in the TriX namespace are allowed. http://www.w3.org/1999/02/22-rdf-syntax-ns#!=http://www.w3.org/2004/03/trix/trix-1/"
33,2026-09-23T06:06:46+00:00,20260922-212036-f0644b,evaluate,DRMO,WARNING,"parse_failed at stage parse: C:\owl4_run\downloads\DRMO\1\DRMO_1_rdf.xrdf: unsupported format (tried xml, auto, turtle, n3, nt, trig, trix). Last error: file:///C:/owl4_run/downloads/DRMO/1/DRMO_1_rdf.xrdf:2:0: Only elements in the TriX namespace are allowed. http://www.w3.org/1999/02/22-rdf-syntax-ns#!=http://www.w3.org/2004/03/trix/trix-1/"
34,2026-09-23T06:07:13+00:00,20260922-212036-f0644b,evaluate,SIMON,WARNING,"parse_failed at stage parse: C:\owl4_run\downloads\SIMON\1\SIMON_1_rdf.xrdf: unsupported format (tried xml, auto, turtle, n3, nt, trig, trix). Last error: file:///C:/owl4_run/downloads/SIMON/1/SIMON_1_rdf.xrdf:2:0: Only elements in the TriX namespace are allowed. http://www.w3.org/1999/02/22-rdf-syntax-ns#!=http://www.w3.org/2004/03/trix/trix-1/"
35,2026-09-23T06:08:49+00:00,20260922-212036-f0644b,evaluate,SOIL-PROF,WARNING,"parse_failed at stage parse: C:\owl4_run\downloads\SOIL-PROF\3\SOIL-PROF_3_rdf.xrdf: unsupported format (tried xml, auto, turtle, n3, nt, trig, trix). Last error: file:///C:/owl4_run/downloads/SOIL-PROF/3/SOIL-PROF_3_rdf.xrdf:2:0: Only elements in the TriX namespace are allowed. http://www.w3.org/1999/02/22-rdf-syntax-ns#!=http://www.w3.org/2004/03/trix/trix-1/"
36,2026-09-23T06:09:24+00:00,20260922-212036-f0644b,evaluate,PPLC,WARNING,parse_failed at stage parse: unsupported_format:owlxml
37,2026-09-23T06:09:49+00:00,20260922-212036-f0644b,evaluate,BPFORMS,WARNING,parse_failed at stage parse: unsupported_format:obo
38,2026-09-23T06:10:15+00:00,20260922-212036-f0644b,evaluate,NCOD,WARNING,"parse_failed at stage parse: C:\owl4_run\downloads\NCOD\1\NCOD_1_rdf.xrdf: unsupported format (tried xml, auto, turtle, n3, nt, trig, trix). Last error: file:///C:/owl4_run/downloads/NCOD/1/NCOD_1_rdf.xrdf:2:0: syntax error"
39,2026-09-23T06:10:47+00:00,20260922-212036-f0644b,evaluate,HIV,WARNING,parse_failed at stage parse: unsupported_format:obo
40,2026-09-23T06:20:13+00:00,20260922-212036-f0644b,evaluate,GECCO,WARNING,"parse_failed at stage parse: C:\owl4_run\downloads\GECCO\1\GECCO_1_rdf.xrdf: unsupported format (tried xml, auto, turtle, n3, nt, trig, trix). Last error: file:///C:/owl4_run/downloads/GECCO/1/GECCO_1_rdf.xrdf:2:0: Only elements in the TriX namespace are allowed. http://www.w3.org/1999/02/22-rdf-syntax-ns#!=http://www.w3.org/2004/03/trix/trix-1/"
41,2026-09-23T06:20:54+00:00,20260922-212036-f0644b,evaluate,CS,WARNING,parse_failed at stage parse: unsupported_format:owlxml
42,2026-09-23T07:44:19+00:00,20260922-212036-f0644b,evaluate,CCO,WARNING,parse_failed at stage parse: unsupported_format:obo
43,2026-09-23T07:50:03+00:00,20260922-212036-f0644b,evaluate,CHEBI,WARNING,parse_failed at stage parse: unsupported_format:obo
44,2026-09-23T08:53:28+00:00,20260922-212036-f0644b,evaluate,,INFO,"evaluate phase finished: {'parse_failed': 17, 'done': 1200}; worker restarts 0"
45,2026-09-23T08:53:29+00:00,20260922-212036-f0644b,export,,INFO,exported 15 files to C:\owl4_run\exports
46,2026-09-23T20:04:55+00:00,20260923-150455-9a9da2,init,,INFO,"session started, work_dir=C:\owl4_run"
47,2026-09-23T20:05:06+00:00,20260923-150455-9a9da2,evaluate,,INFO,"worker ready: {""type"": ""ready"", ""pid"": 3364, ""device"": ""cuda"", ""batch_size"": 128, ""model_load_seconds"": 5.5, ""torch"": ""2.12.0.dev20260330+cu128"", ""cuda_available"": true, ""gpu_name"": ""NVIDIA GeForce RTX 5090"", ""python"": ""3.11.15"", ""platform"": ""Windows-10-10.0.26200-SP0"", ""python_hash_seed"": ""0""}"
48,2026-09-23T20:05:08+00:00,20260923-150455-9a9da2,parity,,INFO,"[{""name"": ""tiny"", ""ok"": true, ""got"": {""describe_score"": 9.29, ""define_score"": 4.81, ""connection_score"": 1.65, ""flat_score"": 6}, ""expected"": {""describe_score"": 9.29, ""define_score"": 4.81, ""connection_score"": 1.65, ""flat_score"": 6}, ""seconds"": 0.507}, {""name"": ""goodrelations"", ""ok"": true, ""got"": {""describe_score"": 9.29, ""define_score"": 6.09, ""connection_score"": 3.87, ""flat_score"": 8}, ""expected"": {""describe_score"": 9.29, ""define_score"": 6.09, ""connection_score"": 3.87, ""flat_score"": 8}, ""seconds"": 0.383}]"
49,2026-09-23T20:08:20+00:00,20260923-150455-9a9da2,catalog,,INFO,1289 ontologies listed
50,2026-09-23T20:08:20+00:00,20260923-150455-9a9da2,catalog,,INFO,catalog phase finished: {'skipped_already_done': 1289}
51,2026-09-23T20:08:58+00:00,20260923-150858-213570,init,,INFO,"session started, work_dir=C:\owl4_run"
52,2026-09-23T20:09:09+00:00,20260923-150858-213570,evaluate,,INFO,"worker ready: {""type"": ""ready"", ""pid"": 2508, ""device"": ""cuda"", ""batch_size"": 128, ""model_load_seconds"": 5.59, ""torch"": ""2.12.0.dev20260330+cu128"", ""cuda_available"": true, ""gpu_name"": ""NVIDIA GeForce RTX 5090"", ""python"": ""3.11.15"", ""platform"": ""Windows-10-10.0.26200-SP0"", ""python_hash_seed"": ""0""}"
53,2026-09-23T20:09:11+00:00,20260923-150858-213570,parity,,INFO,"[{""name"": ""tiny"", ""ok"": true, ""got"": {""describe_score"": 9.29, ""define_score"": 4.81, ""connection_score"": 1.65, ""flat_score"": 6}, ""expected"": {""describe_score"": 9.29, ""define_score"": 4.81, ""connection_score"": 1.65, ""flat_score"": 6}, ""seconds"": 0.532}, {""name"": ""goodrelations"", ""ok"": true, ""got"": {""describe_score"": 9.29, ""define_score"": 6.09, ""connection_score"": 3.87, ""flat_score"": 8}, ""expected"": {""describe_score"": 9.29, ""define_score"": 6.09, ""connection_score"": 3.87, ""flat_score"": 8}, ""seconds"": 0.383}]"
54,2026-09-23T20:09:11+00:00,20260923-150858-213570,catalog,,INFO,1289 ontologies listed
55,2026-09-23T20:09:11+00:00,20260923-150858-213570,catalog,,INFO,catalog phase finished: {'skipped_already_done': 1289}
56,2026-09-23T20:11:20+00:00,20260923-150455-9a9da2,download,,INFO,"download phase finished: {'already_ok': 19, 'already_failed': 1}"
57,2026-09-23T20:11:21+00:00,20260923-150455-9a9da2,export,,INFO,exported 15 files to C:\owl4_run\exports
58,2026-09-23T20:11:21+00:00,20260923-150455-9a9da2,download,,INFO,"download phase finished: {'already_ok': 1236, 'already_summary_only': 12, 'already_not_downloadable': 10, 'already_failed': 1, 'already_html_response': 2, 'already_not_found': 1}"
59,2026-09-23T20:12:24+00:00,20260923-150858-213570,download,,INFO,"download phase finished: {'already_ok': 19, 'already_failed': 1}"
60,2026-09-23T20:12:26+00:00,20260923-150858-213570,export,,INFO,exported 15 files to C:\owl4_run\exports
61,2026-09-23T20:12:26+00:00,20260923-150858-213570,download,,INFO,"download phase finished: {'already_ok': 1236, 'already_summary_only': 12, 'already_not_downloadable': 10, 'already_failed': 1, 'already_html_response': 2, 'already_not_found': 1}"
62,2026-09-23T21:05:39+00:00,20260923-150455-9a9da2,download,PR,WARNING,"failed: stream failed: ChunkedEncodingError: ('Connection broken: IncompleteRead(1074569216 bytes read, 204845454 more expected)', IncompleteRead(1074569216 bytes read, 204845454 more expected))"
63,2026-09-23T21:05:40+00:00,20260923-150455-9a9da2,download,FLUXO,WARNING,html_response: server returned HTML
64,2026-09-23T21:05:41+00:00,20260923-150455-9a9da2,download,HCMO,WARNING,html_response: server returned HTML
65,2026-09-23T21:05:41+00:00,20260923-150455-9a9da2,download,HSCLO38,WARNING,"not_found: {""errors"":[""No source file is available for this submission""],""status"":404}"
66,2026-09-23T21:05:41+00:00,20260923-150455-9a9da2,download,,INFO,"download phase finished: {'failed': 1, 'html_response': 2, 'not_found': 1}"
67,2026-09-23T21:05:42+00:00,20260923-150455-9a9da2,evaluate,,INFO,"requeued 24 evaluations with status in ('parse_failed', 'done', 'error', 'crashed', 'gave_up')"
68,2026-09-23T21:05:49+00:00,20260923-150455-9a9da2,evaluate,,INFO,"worker ready: {""type"": ""ready"", ""pid"": 40096, ""device"": ""cuda"", ""batch_size"": 128, ""model_load_seconds"": 5.78, ""torch"": ""2.12.0.dev20260330+cu128"", ""cuda_available"": true, ""gpu_name"": ""NVIDIA GeForce RTX 5090"", ""python"": ""3.11.15"", ""platform"": ""Windows-10-10.0.26200-SP0"", ""python_hash_seed"": ""0""}"
69,2026-09-23T21:05:49+00:00,20260923-150455-9a9da2,evaluate,FASTO,WARNING,parse_failed at stage parse: unsupported_format:empty
70,2026-09-23T21:05:49+00:00,20260923-150455-9a9da2,evaluate,DMTO,WARNING,parse_failed at stage parse: unsupported_format:empty
71,2026-09-23T21:05:51+00:00,20260923-150455-9a9da2,evaluate,VODANETHIOPIA_OR,WARNING,parse_failed at stage parse: not_an_ontology:office_document
72,2026-09-23T21:05:52+00:00,20260923-150455-9a9da2,evaluate,YUNPING,WARNING,"parse_failed at stage parse: unsupported format (tried xml, auto, turtle, n3, nt, trig, trix, owlready2:rdfxml). Last error: RDF/XML parsing error in file C:\owl4_run\downloads\YUNPING\1\YUNPING_1_rdf.xrdf, line 137, column 102."
73,2026-09-23T21:05:53+00:00,20260923-150455-9a9da2,evaluate,PEO_ONTOLOGY,WARNING,"parse_failed at stage parse: unsupported format (tried xml, auto, turtle, n3, nt, trig, trix, owlready2:rdfxml). Last error: RDF/XML parsing error in file C:\owl4_run\downloads\PEO_ONTOLOGY\3\PEO_ONTOLOGY_3_rdf.xrdf, line 1281, column 127."
74,2026-09-23T21:05:54+00:00,20260923-150455-9a9da2,evaluate,DRMO,WARNING,"parse_failed at stage parse: unsupported format (tried xml, auto, turtle, n3, nt, trig, trix, owlready2:rdfxml). Last error: RDF/XML parsing error in file C:\owl4_run\downloads\DRMO\1\DRMO_1_rdf.xrdf, line 113, column 1938."
75,2026-09-23T21:05:54+00:00,20260923-150455-9a9da2,evaluate,SIMON,WARNING,"parse_failed at stage parse: unsupported format (tried xml, auto, turtle, n3, nt, trig, trix, owlready2:rdfxml). Last error: RDF/XML parsing error in file C:\owl4_run\downloads\SIMON\1\SIMON_1_rdf.xrdf, line 27, column 214."
76,2026-09-23T21:05:55+00:00,20260923-150455-9a9da2,evaluate,SOIL-PROF,WARNING,"parse_failed at stage parse: unsupported format (tried xml, auto, turtle, n3, nt, trig, trix, owlready2:rdfxml). Last error: RDF/XML parsing error in file C:\owl4_run\downloads\SOIL-PROF\3\SOIL-PROF_3_rdf.xrdf, line 5255, column 235."
77,2026-09-23T21:05:55+00:00,20260923-150455-9a9da2,evaluate,PPLC,WARNING,"parse_failed at stage parse: unsupported format (tried owlready2:owlxml). Last error: OWL/XML parsing error in file C:\owl4_run\downloads\PPLC\1\PPLC_1_original.owl, line 7, column 56."
78,2026-09-23T21:05:55+00:00,20260923-150455-9a9da2,evaluate,BPFORMS,WARNING,parse_failed at stage parse: unsupported_format:obo
79,2026-09-23T21:05:57+00:00,20260923-150455-9a9da2,evaluate,HIV,WARNING,parse_failed at stage parse: unsupported_format:obo
80,2026-09-23T21:06:02+00:00,20260923-150455-9a9da2,evaluate,CS,WARNING,"parse_failed at stage parse: unsupported format (tried owlready2:owlxml). Last error: OWL/XML parsing error in file C:\owl4_run\downloads\CS\1\CS_1_original.owl, line 15, column 76."
81,2026-09-23T21:06:02+00:00,20260923-150455-9a9da2,evaluate,GAZ,WARNING,parse_failed at stage parse: unsupported_format:obo
82,2026-09-23T21:06:02+00:00,20260923-150455-9a9da2,evaluate,CCO,WARNING,parse_failed at stage parse: unsupported_format:obo
83,2026-09-23T21:06:02+00:00,20260923-150455-9a9da2,evaluate,CHEBI,WARNING,parse_failed at stage parse: unsupported_format:obo
84,2026-09-23T21:06:03+00:00,20260923-150455-9a9da2,evaluate,,INFO,"evaluate phase finished: {'parse_failed': 15, 'done': 9}; worker restarts 0"
85,2026-09-23T21:06:03+00:00,20260923-150455-9a9da2,evaluate,,INFO,"requeued 1 evaluations with status in ('parse_failed', 'done', 'error', 'crashed', 'gave_up')"
86,2026-09-23T21:06:10+00:00,20260923-150455-9a9da2,evaluate,,INFO,"worker ready: {""type"": ""ready"", ""pid"": 40184, ""device"": ""cuda"", ""batch_size"": 128, ""model_load_seconds"": 5.36, ""torch"": ""2.12.0.dev20260330+cu128"", ""cuda_available"": true, ""gpu_name"": ""NVIDIA GeForce RTX 5090"", ""python"": ""3.11.15"", ""platform"": ""Windows-10-10.0.26200-SP0"", ""python_hash_seed"": ""0""}"
87,2026-09-23T21:06:10+00:00,20260923-150455-9a9da2,evaluate,BMS-LM,WARNING,parse_failed at stage parse: unsupported_format:empty
88,2026-09-23T21:06:10+00:00,20260923-150455-9a9da2,evaluate,,INFO,evaluate phase finished: {'parse_failed': 1}; worker restarts 0
89,2026-09-23T21:06:13+00:00,20260923-150455-9a9da2,evaluate,,INFO,"requeued 1 evaluations with status in ('parse_failed', 'done', 'error', 'crashed', 'gave_up')"
90,2026-09-23T21:06:20+00:00,20260923-150455-9a9da2,evaluate,,INFO,"worker ready: {""type"": ""ready"", ""pid"": 3172, ""device"": ""cuda"", ""batch_size"": 128, ""model_load_seconds"": 5.4, ""torch"": ""2.12.0.dev20260330+cu128"", ""cuda_available"": true, ""gpu_name"": ""NVIDIA GeForce RTX 5090"", ""python"": ""3.11.15"", ""platform"": ""Windows-10-10.0.26200-SP0"", ""python_hash_seed"": ""0""}"
91,2026-09-23T21:06:20+00:00,20260923-150455-9a9da2,evaluate,CATALOG-THEMES,WARNING,"parse_failed at stage parse: unsupported format (tried turtle, auto, xml, n3, nt, trig, trix). Last error: file:///C:/owl4_run/downloads/CATALOG-THEMES/3/CATALOG-THEMES_3_original-submission.ttl:1:0: not well-formed (invalid token)"
92,2026-09-23T21:06:21+00:00,20260923-150455-9a9da2,evaluate,,INFO,evaluate phase finished: {'parse_failed': 1}; worker restarts 0
93,2026-09-23T21:06:43+00:00,20260923-150858-213570,download,PR,WARNING,"failed: stream failed: ChunkedEncodingError: ('Connection broken: IncompleteRead(1074913280 bytes read, 204501390 more expected)', IncompleteRead(1074913280 bytes read, 204501390 more expected))"
94,2026-09-23T21:06:44+00:00,20260923-150858-213570,download,FLUXO,WARNING,html_response: server returned HTML
95,2026-09-23T21:06:44+00:00,20260923-150858-213570,download,HCMO,WARNING,html_response: server returned HTML
96,2026-09-23T21:06:45+00:00,20260923-150858-213570,download,HSCLO38,WARNING,"not_found: {""errors"":[""No source file is available for this submission""],""status"":404}"
97,2026-09-23T21:06:45+00:00,20260923-150858-213570,download,,INFO,"download phase finished: {'failed': 1, 'html_response': 2, 'not_found': 1}"
98,2026-09-23T21:06:45+00:00,20260923-150858-213570,evaluate,,INFO,"requeued 24 evaluations with status in ('parse_failed', 'done', 'error', 'crashed', 'gave_up')"
99,2026-09-23T21:06:52+00:00,20260923-150858-213570,evaluate,,INFO,"worker ready: {""type"": ""ready"", ""pid"": 30348, ""device"": ""cuda"", ""batch_size"": 128, ""model_load_seconds"": 5.38, ""torch"": ""2.12.0.dev20260330+cu128"", ""cuda_available"": true, ""gpu_name"": ""NVIDIA GeForce RTX 5090"", ""python"": ""3.11.15"", ""platform"": ""Windows-10-10.0.26200-SP0"", ""python_hash_seed"": ""0""}"
100,2026-09-23T21:06:52+00:00,20260923-150858-213570,evaluate,BMS-LM,WARNING,parse_failed at stage parse: unsupported_format:empty
101,2026-09-23T21:06:52+00:00,20260923-150858-213570,evaluate,FASTO,WARNING,parse_failed at stage parse: unsupported_format:empty
102,2026-09-23T21:06:52+00:00,20260923-150858-213570,evaluate,DMTO,WARNING,parse_failed at stage parse: unsupported_format:empty
103,2026-09-23T21:06:53+00:00,20260923-150858-213570,evaluate,CATALOG-THEMES,WARNING,"parse_failed at stage parse: unsupported format (tried turtle, auto, xml, n3, nt, trig, trix). Last error: file:///C:/owl4_run/downloads/CATALOG-THEMES/3/CATALOG-THEMES_3_original-submission.ttl:1:0: not well-formed (invalid token)"
104,2026-09-23T21:06:53+00:00,20260923-150858-213570,evaluate,VODANETHIOPIA_OR,WARNING,parse_failed at stage parse: not_an_ontology:office_document
105,2026-09-23T21:06:55+00:00,20260923-150858-213570,evaluate,YUNPING,WARNING,"parse_failed at stage parse: unsupported format (tried xml, auto, turtle, n3, nt, trig, trix, owlready2:rdfxml). Last error: RDF/XML parsing error in file C:\owl4_run\downloads\YUNPING\1\YUNPING_1_rdf.xrdf, line 137, column 102."
106,2026-09-23T21:06:56+00:00,20260923-150858-213570,evaluate,PEO_ONTOLOGY,WARNING,"parse_failed at stage parse: unsupported format (tried xml, auto, turtle, n3, nt, trig, trix, owlready2:rdfxml). Last error: RDF/XML parsing error in file C:\owl4_run\downloads\PEO_ONTOLOGY\3\PEO_ONTOLOGY_3_rdf.xrdf, line 1281, column 127."
107,2026-09-23T21:06:56+00:00,20260923-150858-213570,evaluate,DRMO,WARNING,"parse_failed at stage parse: unsupported format (tried xml, auto, turtle, n3, nt, trig, trix, owlready2:rdfxml). Last error: RDF/XML parsing error in file C:\owl4_run\downloads\DRMO\1\DRMO_1_rdf.xrdf, line 113, column 1938."
108,2026-09-23T21:06:57+00:00,20260923-150858-213570,evaluate,SIMON,WARNING,"parse_failed at stage parse: unsupported format (tried xml, auto, turtle, n3, nt, trig, trix, owlready2:rdfxml). Last error: RDF/XML parsing error in file C:\owl4_run\downloads\SIMON\1\SIMON_1_rdf.xrdf, line 27, column 214."
109,2026-09-23T21:06:58+00:00,20260923-150858-213570,evaluate,SOIL-PROF,WARNING,"parse_failed at stage parse: unsupported format (tried xml, auto, turtle, n3, nt, trig, trix, owlready2:rdfxml). Last error: RDF/XML parsing error in file C:\owl4_run\downloads\SOIL-PROF\3\SOIL-PROF_3_rdf.xrdf, line 5255, column 235."
110,2026-09-23T21:06:58+00:00,20260923-150858-213570,evaluate,PPLC,WARNING,"parse_failed at stage parse: unsupported format (tried owlready2:owlxml). Last error: OWL/XML parsing error in file C:\owl4_run\downloads\PPLC\1\PPLC_1_original.owl, line 7, column 56."
111,2026-09-23T21:06:58+00:00,20260923-150858-213570,evaluate,BPFORMS,WARNING,parse_failed at stage parse: unsupported_format:obo
112,2026-09-23T21:06:59+00:00,20260923-150858-213570,evaluate,HIV,WARNING,parse_failed at stage parse: unsupported_format:obo
113,2026-09-23T21:07:04+00:00,20260923-150858-213570,evaluate,CS,WARNING,"parse_failed at stage parse: unsupported format (tried owlready2:owlxml). Last error: OWL/XML parsing error in file C:\owl4_run\downloads\CS\1\CS_1_original.owl, line 15, column 76."
114,2026-09-23T21:07:04+00:00,20260923-150858-213570,evaluate,GAZ,WARNING,parse_failed at stage parse: unsupported_format:obo
115,2026-09-23T21:07:04+00:00,20260923-150858-213570,evaluate,CCO,WARNING,parse_failed at stage parse: unsupported_format:obo
116,2026-09-23T21:07:04+00:00,20260923-150858-213570,evaluate,CHEBI,WARNING,parse_failed at stage parse: unsupported_format:obo
117,2026-09-23T21:07:05+00:00,20260923-150858-213570,evaluate,,INFO,"evaluate phase finished: {'parse_failed': 17, 'done': 7}; worker restarts 0"
118,2026-09-23T21:28:01+00:00,20260923-150455-9a9da2,evaluate,,INFO,"requeued 1 evaluations with status in ('parse_failed', 'done', 'error', 'crashed', 'gave_up')"
119,2026-09-23T21:28:08+00:00,20260923-150455-9a9da2,evaluate,,INFO,"worker ready: {""type"": ""ready"", ""pid"": 2552, ""device"": ""cuda"", ""batch_size"": 128, ""model_load_seconds"": 5.43, ""torch"": ""2.12.0.dev20260330+cu128"", ""cuda_available"": true, ""gpu_name"": ""NVIDIA GeForce RTX 5090"", ""python"": ""3.11.15"", ""platform"": ""Windows-10-10.0.26200-SP0"", ""python_hash_seed"": ""0""}"
120,2026-09-23T21:30:16+00:00,20260923-150858-213570,evaluate,,INFO,"requeued 0 evaluations with status in ('parse_failed', 'done', 'error', 'crashed', 'gave_up')"
121,2026-09-23T21:30:16+00:00,20260923-150858-213570,evaluate,CHEBI,WARNING,found unfinished run from an earlier session -> interrupted
122,2026-09-23T21:30:23+00:00,20260923-150858-213570,evaluate,,INFO,"worker ready: {""type"": ""ready"", ""pid"": 25472, ""device"": ""cuda"", ""batch_size"": 128, ""model_load_seconds"": 5.46, ""torch"": ""2.12.0.dev20260330+cu128"", ""cuda_available"": true, ""gpu_name"": ""NVIDIA GeForce RTX 5090"", ""python"": ""3.11.15"", ""platform"": ""Windows-10-10.0.26200-SP0"", ""python_hash_seed"": ""0""}"
123,2026-09-23T21:36:04+00:00,20260923-150455-9a9da2,evaluate,,INFO,evaluate phase finished: {'done': 1}; worker restarts 0
124,2026-09-23T21:36:09+00:00,20260923-150455-9a9da2,evaluate,,INFO,"requeued 1 evaluations with status in ('parse_failed', 'done', 'error', 'crashed', 'gave_up')"
125,2026-09-23T21:36:16+00:00,20260923-150455-9a9da2,evaluate,,INFO,"worker ready: {""type"": ""ready"", ""pid"": 35792, ""device"": ""cuda"", ""batch_size"": 128, ""model_load_seconds"": 5.57, ""torch"": ""2.12.0.dev20260330+cu128"", ""cuda_available"": true, ""gpu_name"": ""NVIDIA GeForce RTX 5090"", ""python"": ""3.11.15"", ""platform"": ""Windows-10-10.0.26200-SP0"", ""python_hash_seed"": ""0""}"
126,2026-09-23T21:36:23+00:00,20260923-150455-9a9da2,evaluate,,INFO,evaluate phase finished: {'done': 1}; worker restarts 0
127,2026-09-23T21:36:23+00:00,20260923-150455-9a9da2,evaluate,,INFO,"requeued 1 evaluations with status in ('parse_failed', 'done', 'error', 'crashed', 'gave_up')"
128,2026-09-23T21:36:30+00:00,20260923-150455-9a9da2,evaluate,,INFO,"worker ready: {""type"": ""ready"", ""pid"": 27396, ""device"": ""cuda"", ""batch_size"": 128, ""model_load_seconds"": 5.78, ""torch"": ""2.12.0.dev20260330+cu128"", ""cuda_available"": true, ""gpu_name"": ""NVIDIA GeForce RTX 5090"", ""python"": ""3.11.15"", ""platform"": ""Windows-10-10.0.26200-SP0"", ""python_hash_seed"": ""0""}"
129,2026-09-23T21:36:31+00:00,20260923-150455-9a9da2,evaluate,DRMO,WARNING,"parse_failed at stage parse: unsupported format (tried turtle, auto, xml, n3, nt, trig, trix). Last error: file:///C:/owl4_run/downloads/DRMO/1/DRMO_1_original-submission.rdf:1:0: not well-formed (invalid token)"
130,2026-09-23T21:36:32+00:00,20260923-150455-9a9da2,evaluate,,INFO,evaluate phase finished: {'parse_failed': 1}; worker restarts 0
131,2026-09-23T21:36:32+00:00,20260923-150455-9a9da2,evaluate,,INFO,"requeued 1 evaluations with status in ('parse_failed', 'done', 'error', 'crashed', 'gave_up')"
132,2026-09-23T21:36:39+00:00,20260923-150455-9a9da2,evaluate,,INFO,"worker ready: {""type"": ""ready"", ""pid"": 29596, ""device"": ""cuda"", ""batch_size"": 128, ""model_load_seconds"": 5.6, ""torch"": ""2.12.0.dev20260330+cu128"", ""cuda_available"": true, ""gpu_name"": ""NVIDIA GeForce RTX 5090"", ""python"": ""3.11.15"", ""platform"": ""Windows-10-10.0.26200-SP0"", ""python_hash_seed"": ""0""}"
133,2026-09-23T21:36:40+00:00,20260923-150455-9a9da2,evaluate,,INFO,evaluate phase finished: {'done': 1}; worker restarts 0
134,2026-09-23T21:36:45+00:00,20260923-150455-9a9da2,evaluate,,INFO,"requeued 1 evaluations with status in ('parse_failed', 'done', 'error', 'crashed', 'gave_up')"
135,2026-09-23T21:36:52+00:00,20260923-150455-9a9da2,evaluate,,INFO,"worker ready: {""type"": ""ready"", ""pid"": 30128, ""device"": ""cuda"", ""batch_size"": 128, ""model_load_seconds"": 5.52, ""torch"": ""2.12.0.dev20260330+cu128"", ""cuda_available"": true, ""gpu_name"": ""NVIDIA GeForce RTX 5090"", ""python"": ""3.11.15"", ""platform"": ""Windows-10-10.0.26200-SP0"", ""python_hash_seed"": ""0""}"
136,2026-09-23T21:36:59+00:00,20260923-150455-9a9da2,evaluate,,INFO,evaluate phase finished: {'done': 1}; worker restarts 0
137,2026-09-23T21:38:19+00:00,20260923-150858-213570,evaluate,,INFO,evaluate phase finished: {'done': 1}; worker restarts 0
138,2026-09-23T21:57:39+00:00,20260923-150858-213570,evaluate,,INFO,"requeued 1 evaluations with status in ('parse_failed', 'done', 'error', 'crashed', 'gave_up')"
139,2026-09-23T21:57:45+00:00,20260923-150858-213570,evaluate,,INFO,"worker ready: {""type"": ""ready"", ""pid"": 35868, ""device"": ""cuda"", ""batch_size"": 128, ""model_load_seconds"": 5.39, ""torch"": ""2.12.0.dev20260330+cu128"", ""cuda_available"": true, ""gpu_name"": ""NVIDIA GeForce RTX 5090"", ""python"": ""3.11.15"", ""platform"": ""Windows-10-10.0.26200-SP0"", ""python_hash_seed"": ""0""}"
140,2026-09-23T21:57:46+00:00,20260923-150858-213570,evaluate,,INFO,evaluate phase finished: {'done': 1}; worker restarts 0
141,2026-09-23T21:57:47+00:00,20260923-150858-213570,evaluate,,INFO,"requeued 1 evaluations with status in ('parse_failed', 'done', 'error', 'crashed', 'gave_up')"
142,2026-09-23T21:57:54+00:00,20260923-150858-213570,evaluate,,INFO,"worker ready: {""type"": ""ready"", ""pid"": 16692, ""device"": ""cuda"", ""batch_size"": 128, ""model_load_seconds"": 5.29, ""torch"": ""2.12.0.dev20260330+cu128"", ""cuda_available"": true, ""gpu_name"": ""NVIDIA GeForce RTX 5090"", ""python"": ""3.11.15"", ""platform"": ""Windows-10-10.0.26200-SP0"", ""python_hash_seed"": ""0""}"
143,2026-09-23T21:57:56+00:00,20260923-150858-213570,evaluate,NCOD,WARNING,"parse_failed at stage parse: unsupported format (tried turtle, auto, xml, n3, nt, trig, trix). Last error: file:///C:/owl4_run/downloads/NCOD/1/NCOD_1_original-submission.ttl:1:0: not well-formed (invalid token)"
144,2026-09-23T21:57:57+00:00,20260923-150858-213570,evaluate,,INFO,evaluate phase finished: {'parse_failed': 1}; worker restarts 0
145,2026-09-23T21:57:57+00:00,20260923-150858-213570,evaluate,,INFO,"requeued 1 evaluations with status in ('parse_failed', 'done', 'error', 'crashed', 'gave_up')"
146,2026-09-23T21:58:04+00:00,20260923-150858-213570,evaluate,,INFO,"worker ready: {""type"": ""ready"", ""pid"": 41040, ""device"": ""cuda"", ""batch_size"": 128, ""model_load_seconds"": 5.36, ""torch"": ""2.12.0.dev20260330+cu128"", ""cuda_available"": true, ""gpu_name"": ""NVIDIA GeForce RTX 5090"", ""python"": ""3.11.15"", ""platform"": ""Windows-10-10.0.26200-SP0"", ""python_hash_seed"": ""0""}"
147,2026-09-23T21:58:04+00:00,20260923-150858-213570,evaluate,,INFO,evaluate phase finished: {'done': 1}; worker restarts 0
148,2026-09-23T21:58:05+00:00,20260923-150858-213570,evaluate,,INFO,"requeued 1 evaluations with status in ('parse_failed', 'done', 'error', 'crashed', 'gave_up')"
149,2026-09-23T21:58:11+00:00,20260923-150858-213570,evaluate,,INFO,"worker ready: {""type"": ""ready"", ""pid"": 17592, ""device"": ""cuda"", ""batch_size"": 128, ""model_load_seconds"": 5.28, ""torch"": ""2.12.0.dev20260330+cu128"", ""cuda_available"": true, ""gpu_name"": ""NVIDIA GeForce RTX 5090"", ""python"": ""3.11.15"", ""platform"": ""Windows-10-10.0.26200-SP0"", ""python_hash_seed"": ""0""}"
150,2026-09-23T21:58:12+00:00,20260923-150858-213570,evaluate,,INFO,evaluate phase finished: {'done': 1}; worker restarts 0
151,2026-09-23T21:58:12+00:00,20260923-150858-213570,evaluate,,INFO,"requeued 1 evaluations with status in ('parse_failed', 'done', 'error', 'crashed', 'gave_up')"
152,2026-09-23T21:58:19+00:00,20260923-150858-213570,evaluate,,INFO,"worker ready: {""type"": ""ready"", ""pid"": 36360, ""device"": ""cuda"", ""batch_size"": 128, ""model_load_seconds"": 5.35, ""torch"": ""2.12.0.dev20260330+cu128"", ""cuda_available"": true, ""gpu_name"": ""NVIDIA GeForce RTX 5090"", ""python"": ""3.11.15"", ""platform"": ""Windows-10-10.0.26200-SP0"", ""python_hash_seed"": ""0""}"
153,2026-09-23T21:58:20+00:00,20260923-150858-213570,evaluate,,INFO,evaluate phase finished: {'done': 1}; worker restarts 0
154,2026-09-23T21:58:20+00:00,20260923-150858-213570,evaluate,,INFO,"requeued 1 evaluations with status in ('parse_failed', 'done', 'error', 'crashed', 'gave_up')"
155,2026-09-23T21:58:27+00:00,20260923-150858-213570,evaluate,,INFO,"worker ready: {""type"": ""ready"", ""pid"": 32640, ""device"": ""cuda"", ""batch_size"": 128, ""model_load_seconds"": 5.29, ""torch"": ""2.12.0.dev20260330+cu128"", ""cuda_available"": true, ""gpu_name"": ""NVIDIA GeForce RTX 5090"", ""python"": ""3.11.15"", ""platform"": ""Windows-10-10.0.26200-SP0"", ""python_hash_seed"": ""0""}"
156,2026-09-23T21:58:28+00:00,20260923-150858-213570,evaluate,PEO_ONTOLOGY,WARNING,"parse_failed at stage parse: unsupported format (tried xml, auto, turtle, n3, nt, trig, trix, owlready2:rdfxml). Last error: RDF/XML parsing error in file C:\owl4_run\downloads\PEO_ONTOLOGY\3\PEO_ONTOLOGY_3_original-submission.rdf, line 1241, column 135."
157,2026-09-23T21:58:29+00:00,20260923-150858-213570,evaluate,,INFO,evaluate phase finished: {'parse_failed': 1}; worker restarts 0
158,2026-09-23T21:58:29+00:00,20260923-150858-213570,evaluate,,INFO,"requeued 1 evaluations with status in ('parse_failed', 'done', 'error', 'crashed', 'gave_up')"
159,2026-09-23T21:58:36+00:00,20260923-150858-213570,evaluate,,INFO,"worker ready: {""type"": ""ready"", ""pid"": 8624, ""device"": ""cuda"", ""batch_size"": 128, ""model_load_seconds"": 5.36, ""torch"": ""2.12.0.dev20260330+cu128"", ""cuda_available"": true, ""gpu_name"": ""NVIDIA GeForce RTX 5090"", ""python"": ""3.11.15"", ""platform"": ""Windows-10-10.0.26200-SP0"", ""python_hash_seed"": ""0""}"
160,2026-09-23T21:58:37+00:00,20260923-150858-213570,evaluate,SIMON,WARNING,"parse_failed at stage parse: unsupported format (tried xml, auto, turtle, n3, nt, trig, trix, owlready2:rdfxml). Last error: RDF/XML parsing error in file C:\owl4_run\downloads\SIMON\1\SIMON_1_original-submission.owl, line 33, column 210."
161,2026-09-23T21:58:37+00:00,20260923-150858-213570,evaluate,,INFO,evaluate phase finished: {'parse_failed': 1}; worker restarts 0
162,2026-09-23T21:58:38+00:00,20260923-150858-213570,evaluate,,INFO,"requeued 1 evaluations with status in ('parse_failed', 'done', 'error', 'crashed', 'gave_up')"
163,2026-09-23T21:58:45+00:00,20260923-150858-213570,evaluate,,INFO,"worker ready: {""type"": ""ready"", ""pid"": 27104, ""device"": ""cuda"", ""batch_size"": 128, ""model_load_seconds"": 5.32, ""torch"": ""2.12.0.dev20260330+cu128"", ""cuda_available"": true, ""gpu_name"": ""NVIDIA GeForce RTX 5090"", ""python"": ""3.11.15"", ""platform"": ""Windows-10-10.0.26200-SP0"", ""python_hash_seed"": ""0""}"
164,2026-09-23T21:58:46+00:00,20260923-150858-213570,evaluate,,INFO,evaluate phase finished: {'done': 1}; worker restarts 0
165,2026-09-23T21:58:47+00:00,20260923-150858-213570,evaluate,,INFO,"requeued 1 evaluations with status in ('parse_failed', 'done', 'error', 'crashed', 'gave_up')"
166,2026-09-23T21:58:53+00:00,20260923-150858-213570,evaluate,,INFO,"worker ready: {""type"": ""ready"", ""pid"": 16244, ""device"": ""cuda"", ""batch_size"": 128, ""model_load_seconds"": 5.39, ""torch"": ""2.12.0.dev20260330+cu128"", ""cuda_available"": true, ""gpu_name"": ""NVIDIA GeForce RTX 5090"", ""python"": ""3.11.15"", ""platform"": ""Windows-10-10.0.26200-SP0"", ""python_hash_seed"": ""0""}"
167,2026-09-23T21:58:54+00:00,20260923-150858-213570,evaluate,YUNPING,WARNING,"parse_failed at stage parse: unsupported format (tried xml, auto, turtle, n3, nt, trig, trix, owlready2:rdfxml). Last error: RDF/XML parsing error in file C:\owl4_run\downloads\YUNPING\1\extracted\https%3A%2F%2Fvodan-totafrica.info%2FANC.rdf, line 27, column 68."
168,2026-09-23T21:58:55+00:00,20260923-150858-213570,evaluate,,INFO,evaluate phase finished: {'parse_failed': 1}; worker restarts 0
169,2026-09-23T21:58:55+00:00,20260923-150858-213570,repair,,INFO,"{""retried_downloads"": {""failed"": 1, ""html_response"": 2, ""not_found"": 1}, ""reparsed"": {""parse_failed"": 17, ""done"": 7}, ""alternates"": {""BMS-LM"": [], ""BPFORMS"": [""obo_owl:0: http_error""], ""CATALOG-THEMES"": [], ""CCO"": [""obo_owl:0: http_error""], ""CHEBI"": [""obo_owl:0: ok"", ""scored""], ""CS"": [], ""DMTO"": [], ""DRMO"": [], ""DSIP"": [], ""FASTO"": [], ""GAZ"": [""obo_owl:0: stream_error""], ""HIV"": [""obo_owl:0: http_error""], ""HMIS033B"": [""original:submission: ok""], ""NCOD"": [""original:submission: ok""], ""OCDM"": [""original:submission: ok""], ""OPD-NAMBOBI"": [""original:submission: ok""], ""OPDRE"": [""original:submission: ok""], ""PEO_ONTOLOGY"": [""original:submission: ok""], ""PPLC"": [], ""SIMON"": [""original:submission: ok""], ""SOIL-PROF"": [""original:submission: ok"", ""scored""], ""VODANETHIOPIA_OR"": ""not an ontology; skipped"", ""YUNPING"": [""original:submission: ok""]}}"
170,2026-09-23T21:58:55+00:00,20260923-150858-213570,evaluate,,INFO,"requeued 48 evaluations with status in ('done',)"
171,2026-09-23T21:59:02+00:00,20260923-150858-213570,evaluate,,INFO,"worker ready: {""type"": ""ready"", ""pid"": 39708, ""device"": ""cuda"", ""batch_size"": 128, ""model_load_seconds"": 5.34, ""torch"": ""2.12.0.dev20260330+cu128"", ""cuda_available"": true, ""gpu_name"": ""NVIDIA GeForce RTX 5090"", ""python"": ""3.11.15"", ""platform"": ""Windows-10-10.0.26200-SP0"", ""python_hash_seed"": ""0""}"
172,2026-09-23T22:03:54+00:00,20260923-150455-9a9da2,evaluate,,INFO,"requeued 1 evaluations with status in ('parse_failed', 'done', 'error', 'crashed', 'gave_up')"
173,2026-09-23T22:03:54+00:00,20260923-150455-9a9da2,evaluate,HOOM,WARNING,found unfinished run from an earlier session -> interrupted
174,2026-09-23T22:04:01+00:00,20260923-150455-9a9da2,evaluate,,INFO,"worker ready: {""type"": ""ready"", ""pid"": 36336, ""device"": ""cuda"", ""batch_size"": 128, ""model_load_seconds"": 5.59, ""torch"": ""2.12.0.dev20260330+cu128"", ""cuda_available"": true, ""gpu_name"": ""NVIDIA GeForce RTX 5090"", ""python"": ""3.11.15"", ""platform"": ""Windows-10-10.0.26200-SP0"", ""python_hash_seed"": ""0""}"
175,2026-09-23T22:17:24+00:00,20260923-150455-9a9da2,evaluate,,INFO,evaluate phase finished: {'done': 1}; worker restarts 0
176,2026-09-23T22:17:25+00:00,20260923-150455-9a9da2,repair,,INFO,"{""retried_downloads"": {""failed"": 1, ""html_response"": 2, ""not_found"": 1}, ""reparsed"": {""parse_failed"": 15, ""done"": 9}, ""alternates"": {""BMS-LM"": [""original:submission: ok""], ""BPFORMS"": [""obo_owl:0: http_error""], ""CATALOG-THEMES"": [""original:submission: ok""], ""CCO"": [""obo_owl:0: http_error""], ""CHEBI"": [""obo_owl:0: stream_error"", ""obo_owl:1: ok"", ""scored""], ""CS"": [], ""DMTO"": [""original:submission: ok"", ""scored""], ""DRMO"": [""original:submission: ok""], ""DSIP"": [""original:submission: ok""], ""FASTO"": [""original:submission: ok"", ""scored""], ""GAZ"": [""obo_owl:0: ok"", ""scored""], ""HIV"": [""obo_owl:0: http_error""], ""HMIS033B"": [], ""NCOD"": [], ""OCDM"": [], ""OPD-NAMBOBI"": [], ""OPDRE"": [], ""PEO_ONTOLOGY"": [], ""PPLC"": [], ""SIMON"": [], ""SOIL-PROF"": [], ""VODANETHIOPIA_OR"": ""not an ontology; skipped"", ""YUNPING"": []}}"
177,2026-09-23T22:17:27+00:00,20260923-150455-9a9da2,export,,INFO,exported 15 files to C:\owl4_run\exports
178,2026-09-23T22:30:14+00:00,20260923-150858-213570,evaluate,,INFO,evaluate phase finished: {'done': 48}; worker restarts 0
179,2026-09-23T22:30:15+00:00,20260923-150858-213570,export,,INFO,exported 15 files to C:\owl4_run\exports
180,2026-09-23T22:31:05+00:00,20260923-150858-213570,evaluate,,INFO,"worker ready: {""type"": ""ready"", ""pid"": 33080, ""device"": ""cuda"", ""batch_size"": 128, ""model_load_seconds"": 5.61, ""torch"": ""2.12.0.dev20260330+cu128"", ""cuda_available"": true, ""gpu_name"": ""NVIDIA GeForce RTX 5090"", ""python"": ""3.11.15"", ""platform"": ""Windows-10-10.0.26200-SP0"", ""python_hash_seed"": ""0""}"
181,2026-09-23T22:43:56+00:00,20260923-150858-213570,evaluate,,INFO,evaluate phase finished: {'done': 1}; worker restarts 0
182,2026-09-23T22:43:57+00:00,20260923-150858-213570,export,,INFO,exported 15 files to C:\owl4_run\exports
183,2026-09-23T22:53:43+00:00,20260923-175343-0ecbf1,init,,INFO,"session started, work_dir=C:\owl4_run"
184,2026-09-23T22:53:55+00:00,20260923-175343-0ecbf1,evaluate,,INFO,"worker ready: {""type"": ""ready"", ""pid"": 39740, ""device"": ""cuda"", ""batch_size"": 128, ""model_load_seconds"": 5.69, ""torch"": ""2.12.0.dev20260330+cu128"", ""cuda_available"": true, ""gpu_name"": ""NVIDIA GeForce RTX 5090"", ""python"": ""3.11.15"", ""platform"": ""Windows-10-10.0.26200-SP0"", ""python_hash_seed"": ""0""}"
185,2026-09-23T22:53:56+00:00,20260923-175343-0ecbf1,parity,,INFO,"[{""name"": ""tiny"", ""ok"": true, ""got"": {""describe_score"": 9.29, ""define_score"": 4.81, ""connection_score"": 1.65, ""flat_score"": 6}, ""expected"": {""describe_score"": 9.29, ""define_score"": 4.81, ""connection_score"": 1.65, ""flat_score"": 6}, ""seconds"": 0.531}, {""name"": ""goodrelations"", ""ok"": true, ""got"": {""describe_score"": 9.29, ""define_score"": 6.09, ""connection_score"": 3.87, ""flat_score"": 8}, ""expected"": {""describe_score"": 9.29, ""define_score"": 6.09, ""connection_score"": 3.87, ""flat_score"": 8}, ""seconds"": 0.39}]"
186,2026-09-23T22:53:58+00:00,20260923-175343-0ecbf1,catalog,,INFO,1289 ontologies listed
187,2026-09-23T22:53:58+00:00,20260923-175343-0ecbf1,catalog,,INFO,catalog phase finished: {'skipped_already_done': 1289}
188,2026-09-23T22:56:56+00:00,20260923-175343-0ecbf1,download,,INFO,download phase finished: {'already_ok': 20}
189,2026-09-23T22:56:57+00:00,20260923-175343-0ecbf1,export,,INFO,exported 15 files to C:\owl4_run\exports
190,2026-09-23T22:56:57+00:00,20260923-175343-0ecbf1,download,,INFO,"download phase finished: {'already_ok': 1237, 'already_summary_only': 12, 'already_not_downloadable': 10, 'already_html_response': 2, 'already_not_found': 1}"
191,2026-09-23T22:56:58+00:00,20260923-175343-0ecbf1,evaluate,,INFO,"requeued 37 evaluations with status in ('done',)"
192,2026-09-23T22:57:04+00:00,20260923-175343-0ecbf1,evaluate,,INFO,"worker ready: {""type"": ""ready"", ""pid"": 22404, ""device"": ""cuda"", ""batch_size"": 128, ""model_load_seconds"": 5.36, ""torch"": ""2.12.0.dev20260330+cu128"", ""cuda_available"": true, ""gpu_name"": ""NVIDIA GeForce RTX 5090"", ""python"": ""3.11.15"", ""platform"": ""Windows-10-10.0.26200-SP0"", ""python_hash_seed"": ""0""}"
193,2026-09-23T23:25:09+00:00,20260923-175343-0ecbf1,evaluate,,INFO,evaluate phase finished: {'done': 37}; worker restarts 0
