id,ts,run_id,endpoint,keyword,http_status,seconds,result_count,distinct_ontologies,top_ontologies,error
1,2026-09-23T02:30:01+00:00,20260922-212036-f0644b,search,diabetes,200,0.154,6413,0,,
2,2026-09-23T02:30:08+00:00,20260922-212036-f0644b,recommender,diabetes,200,7.129,25,25,LOINC;FCC1;OMIM;NANDO;CDPEO;CONDOR;FRMO;BIRTHONTO;IOBC;HPO,
3,2026-09-23T02:30:09+00:00,20260922-212036-f0644b,search,cancer,200,0.268,31928,0,,
4,2026-09-23T02:30:14+00:00,20260922-212036-f0644b,recommender,cancer,200,5.191,25,25,LOINC;OMIM;GCBO;FCC1;NCBITAXON;ICPC2P;MEDICALINFO;THESISDEMO;NIFSTD;IOBC,
5,2026-09-23T02:30:14+00:00,20260922-212036-f0644b,search,melanoma,200,0.214,5777,0,,
6,2026-09-23T02:30:18+00:00,20260922-212036-f0644b,recommender,melanoma,200,4.08,25,25,MESH;LOINC;NCIT;OMIM;CRISP;PDQ;ICPC2P;RH-MESH;IOBC;OCHV,
7,2026-09-23T02:30:18+00:00,20260922-212036-f0644b,search,heart,200,0.213,28630,0,,
8,2026-09-23T02:30:23+00:00,20260922-212036-f0644b,recommender,heart,200,5.023,25,25,LOINC;MESH;OMIM;RCD;NCIT;CRISP;EHDA;AI-RHEUM;XPO;PDRO,
9,2026-09-23T02:30:24+00:00,20260922-212036-f0644b,search,kidney,200,0.582,16050,0,,
10,2026-09-23T02:30:31+00:00,20260922-212036-f0644b,recommender,kidney,200,7.1,25,25,LOINC;MESH;RCD;NCIT;CRISP;OCHV;DDSS;BERO;IOBC;RH-MESH,
11,2026-09-23T02:30:31+00:00,20260922-212036-f0644b,search,liver,200,0.39,14435,0,,
12,2026-09-23T02:30:37+00:00,20260922-212036-f0644b,recommender,liver,200,5.784,25,25,MESH;LOINC;NDFRT;NCIT;OMIM;RCD;VANDF;CRISP;EHDA;DDSS,
13,2026-09-23T02:30:37+00:00,20260922-212036-f0644b,search,asthma,200,0.239,1886,0,,
14,2026-09-23T02:30:44+00:00,20260922-212036-f0644b,recommender,asthma,200,6.994,25,25,LOINC;MESH;SNOMEDCT;NCIT;ICD10CM;OMIM;RCD;CRISP;ICD9CM;ICD10,
15,2026-09-23T02:30:45+00:00,20260922-212036-f0644b,search,influenza,200,0.362,9776,0,,
16,2026-09-23T02:30:49+00:00,20260922-212036-f0644b,recommender,influenza,200,3.802,25,25,NDFRT;SNOMEDCT;CRISP;VANDF;RCD;ICD9CM;NCIT;ICPC2P;SSO;IOBC,
17,2026-09-23T02:30:49+00:00,20260922-212036-f0644b,search,gene,200,0.298,55570,0,,
18,2026-09-23T02:30:53+00:00,20260922-212036-f0644b,recommender,gene,200,4.643,25,25,PGXO;LOINC;NCIT;PDQ;SNOMEDCT;CRISP;ORTH;TML;IMGT-ONTOLOGY;KTAO,
19,2026-09-23T02:30:54+00:00,20260922-212036-f0644b,search,protein,200,0.387,705248,0,,
20,2026-09-23T02:30:59+00:00,20260922-212036-f0644b,recommender,protein,200,4.992,25,25,LOINC;NCIT;SNOMEDCT;NDFRT;VANDF;CRISP;NIFSTD;GO-EXT;WIKIPATHWAYS;PDRO,
21,2026-09-23T02:30:59+00:00,20260922-212036-f0644b,search,cell,200,0.293,268637,0,,
22,2026-09-23T02:31:03+00:00,20260922-212036-f0644b,recommender,cell,200,4.186,25,25,NCIT;SNOMEDCT;CRISP;MESH;STY;OMIM;RXNORM;NDFRT;LOINC;MEDLINEPLUS,
23,2026-09-23T02:31:04+00:00,20260922-212036-f0644b,search,neuron,200,0.485,40722,0,,
24,2026-09-23T02:31:10+00:00,20260922-212036-f0644b,recommender,neuron,200,6.619,25,25,SNOMEDCT;CRISP;NEUDIGS;NCIT;PLANP;OBOREL;ECAO;XPO;NIFSTD;UPHENO,
25,2026-09-23T02:31:11+00:00,20260922-212036-f0644b,search,brain,200,0.461,24470,0,,
26,2026-09-23T02:31:15+00:00,20260922-212036-f0644b,recommender,brain,200,4.311,25,25,MESH;LOINC;NCIT;RCD;CRISP;EHDA;NIFSTD;BERO;IOBC;OCHV,
27,2026-09-23T02:31:16+00:00,20260922-212036-f0644b,search,bone,200,0.264,58446,0,,
28,2026-09-23T02:31:20+00:00,20260922-212036-f0644b,recommender,bone,200,4.397,25,25,LOINC;NCIT;RCD;CRISP;IOBC;OCHV;BERO;FMA;BIOMODELS;PLOSTHES,
29,2026-09-23T02:31:20+00:00,20260922-212036-f0644b,search,blood pressure,200,0.248,94126,0,,
30,2026-09-23T02:31:25+00:00,20260922-212036-f0644b,recommender,blood pressure,200,5.274,25,25,LOINC;OCHV;NCIT;MEDLINEPLUS;MESH;SNOMEDCT;CRISP;RCD;RH-MESH;O3,
31,2026-09-23T02:31:26+00:00,20260922-212036-f0644b,search,vaccine,200,0.413,22491,0,,
32,2026-09-23T02:31:31+00:00,20260922-212036-f0644b,recommender,vaccine,200,5.481,25,25,LOINC;CRISP;NCIT;PDRO;OCHV;VIO;IOBC;BERO;OBI;CIDO,
33,2026-09-23T02:31:32+00:00,20260922-212036-f0644b,search,antibiotic,200,0.399,3473,0,,
34,2026-09-23T02:31:36+00:00,20260922-212036-f0644b,recommender,antibiotic,200,4.373,25,25,CRISP;STY;RCD;LOINC;MESH;AI-RHEUM;WHO-ART;MEDLINEPLUS;COSTART;NDFRT,
35,2026-09-23T02:31:36+00:00,20260922-212036-f0644b,search,drug,200,0.178,32535,0,,
36,2026-09-23T02:31:40+00:00,20260922-212036-f0644b,recommender,drug,200,4.005,25,25,DBM;LOINC;RCD;PGXO;DDSS;VALUESETS;SCHEMA;OCHV;PDRO;HHEAR,
37,2026-09-23T02:31:41+00:00,20260922-212036-f0644b,search,pregnancy,200,0.274,9284,0,,
38,2026-09-23T02:31:45+00:00,20260922-212036-f0644b,recommender,pregnancy,200,3.976,25,25,LOINC;SNOMEDCT;MESH;NCIT;RCD;MEDLINEPLUS;CRISP;IOBC;ANCO;OCHV,
39,2026-09-23T02:31:45+00:00,20260922-212036-f0644b,search,obesity,200,0.198,1563,0,,
40,2026-09-23T02:31:49+00:00,20260922-212036-f0644b,recommender,obesity,200,4.664,25,25,OMIM;MESH;SNOMEDCT;NCIT;LOINC;RCD;MEDLINEPLUS;CRISP;ICD10;WHO-ART,
41,2026-09-23T02:31:50+00:00,20260922-212036-f0644b,search,sleep,200,0.332,4270,0,,
42,2026-09-23T02:31:54+00:00,20260922-212036-f0644b,recommender,sleep,200,3.877,25,25,MESH;CRISP;SNOMEDCT;LOINC;G4-DSIP;ONTOPARON_SOCIAL;RCD;NCIT;BERO;GO,
43,2026-09-23T02:31:54+00:00,20260922-212036-f0644b,search,anxiety,200,0.202,1741,0,,
44,2026-09-23T02:31:58+00:00,20260922-212036-f0644b,recommender,anxiety,200,4.311,25,25,NCIT;LOINC;MESH;OMIM;SNOMEDCT;SNMI;MEDLINEPLUS;CRISP;WHO-ART;COSTART,
45,2026-09-23T02:31:58+00:00,20260922-212036-f0644b,search,depression,200,0.173,2173,0,,
46,2026-09-23T02:32:03+00:00,20260922-212036-f0644b,recommender,depression,200,4.351,25,25,NCIT;LOINC;MESH;MEDLINEPLUS;COSTART;OMIM;PDQ;CRISP;WHO-ART;ICPC2P,
47,2026-09-23T02:32:03+00:00,20260922-212036-f0644b,search,mouse,200,0.173,92795,0,,
48,2026-09-23T02:32:07+00:00,20260922-212036-f0644b,recommender,mouse,200,4.121,25,25,SNOMEDCT;LOINC;RCD;NCIT;BERO;PTRO;OCHV;FOODON;NIFSTD;GFO-BIO,
49,2026-09-23T02:32:08+00:00,20260922-212036-f0644b,search,zebrafish,200,1.248,5908,0,,
50,2026-09-23T02:32:15+00:00,20260922-212036-f0644b,recommender,zebrafish,200,6.559,25,25,CRISP;MESH;NCIT;BERO;OCHV;GFO-BIO;RH-MESH;AHOL;FOODON;NIFSTD,
51,2026-09-23T02:32:15+00:00,20260922-212036-f0644b,search,plant,200,0.272,10276,0,,
52,2026-09-23T02:32:19+00:00,20260922-212036-f0644b,recommender,plant,200,4.369,25,25,LOINC;CRISP;RCD;MESH;STY;SNOMEDCT;NDFRT;RXNORM;MEDLINEPLUS;WHO-ART,
53,2026-09-23T02:32:20+00:00,20260922-212036-f0644b,search,soil,200,0.263,2543,0,,
54,2026-09-23T02:32:24+00:00,20260922-212036-f0644b,recommender,soil,200,3.871,25,25,RH-MESH;MESH;SNOMEDCT;CRISP;LOINC;INFRARISK;VALUESETS;OCHV;EVS;BERO,
55,2026-09-23T02:32:24+00:00,20260922-212036-f0644b,search,climate,200,0.262,283,0,,
56,2026-09-23T02:32:27+00:00,20260922-212036-f0644b,recommender,climate,200,3.622,23,23,RH-MESH;CRISP;MESH;ENVTHES;CASE-BASE-ONTO;CCON;OCHV;BERO;COMET;LTER-CV,
57,2026-09-23T02:32:28+00:00,20260922-212036-f0644b,search,food,200,0.154,10849,0,,
58,2026-09-23T02:32:34+00:00,20260922-212036-f0644b,recommender,food,200,5.821,25,25,LOINC;CRISP;MESH;SNOMEDCT;STY;NCIT;ATC;AI-RHEUM;WHO-ART;MEDLINEPLUS,
59,2026-09-23T02:32:34+00:00,20260922-212036-f0644b,search,nutrition,200,0.229,1801,0,,
60,2026-09-23T02:32:38+00:00,20260922-212036-f0644b,recommender,nutrition,200,3.89,25,25,NCIT;LOINC;MEDLINEPLUS;CRISP;SNOMEDCT;MEDEON;IOBC;CBHT;PESONT;AO,
61,2026-09-23T02:32:38+00:00,20260922-212036-f0644b,search,clinical trial,200,0.177,17076,0,,
62,2026-09-23T02:32:42+00:00,20260922-212036-f0644b,recommender,clinical trial,200,3.965,25,25,NCIT;PDRO;MESH;SNOMEDCT;CRISP;OCHV;SCO;HL7;RH-MESH;CANCO,
63,2026-09-23T02:32:42+00:00,20260922-212036-f0644b,search,imaging,200,0.244,16416,0,,
64,2026-09-23T02:32:46+00:00,20260922-212036-f0644b,recommender,imaging,200,3.851,25,25,PANET;SNOMEDCT;LOINC;BCSR-ONTO;O3;HPO;BMT;JERM;CKDO;NAMO,
65,2026-09-23T02:32:46+00:00,20260922-212036-f0644b,search,surgery,200,0.223,4888,0,,
66,2026-09-23T02:32:52+00:00,20260922-212036-f0644b,recommender,surgery,200,6.037,25,25,LOINC;MESH;SNOMEDCT;NCIT;RCD;MEDLINEPLUS;CRISP;O3;IOBC;OCHV,
67,2026-09-23T02:32:52+00:00,20260922-212036-f0644b,search,pathology,200,0.244,2469,0,,
68,2026-09-23T02:32:56+00:00,20260922-212036-f0644b,recommender,pathology,200,3.929,25,25,LOINC;MESH;SNOMEDCT;NCIT;CRISP;ICPC2P;OCHV;RH-MESH;IOBC;ONTOAD,
69,2026-09-23T02:32:56+00:00,20260922-212036-f0644b,search,genome,200,0.169,2546,0,,
70,2026-09-23T02:33:02+00:00,20260922-212036-f0644b,recommender,genome,200,5.311,25,25,GCO;MESH;SNOMEDCT;CRISP;NCIT;KTAO;OCHV;IDOBRU;RH-MESH;VIO,
71,2026-09-23T02:33:02+00:00,20260922-212036-f0644b,search,rna,200,0.303,43733,0,,
72,2026-09-23T02:33:06+00:00,20260922-212036-f0644b,recommender,rna,200,4.31,25,25,WIKIPATHWAYS;LOINC;MESH;VALUESETS;RXNORM;CRISP;GO-EXT;NIFSTD;EDAM;BERO,
73,2026-09-23T02:33:07+00:00,20260922-212036-f0644b,search,enzyme,200,0.197,11780,0,,
74,2026-09-23T02:33:11+00:00,20260922-212036-f0644b,recommender,enzyme,200,4.375,25,25,SNOMEDCT;CRISP;STY;LOINC;RCD;MESH;VALUESETS;AI-RHEUM;WHO-ART;MEDLINEPLUS,
75,2026-09-23T02:33:11+00:00,20260922-212036-f0644b,search,infection,200,0.372,21229,0,,
76,2026-09-23T02:33:19+00:00,20260922-212036-f0644b,recommender,infection,200,7.27,25,25,LOINC;COSTART;RCD;CRISP;WHO-ART;PDQ;ICPC2P;IOBC;OCHV;RH-MESH,
77,2026-09-23T02:33:19+00:00,20260922-212036-f0644b,search,covid-19,200,0.278,22762,0,,
78,2026-09-23T02:33:23+00:00,20260922-212036-f0644b,recommender,covid-19,200,4.274,25,25,MESH;SNOMEDCT;ICD10CM;COVID19;COVID19-IBO;CIDO;ZONMW-CONTENT;IDO-COVID-19;COVID-19;MIO,
79,2026-09-23T02:33:24+00:00,20260922-212036-f0644b,search,rare disease,200,0.388,69864,0,,
80,2026-09-23T02:33:28+00:00,20260922-212036-f0644b,recommender,rare disease,200,4.667,9,9,OSDI;IOBC;HRDO;MESH;CRISP;NCIT;MONDO;OCHV;MDM,
81,2026-09-23T20:08:20+00:00,20260923-150455-9a9da2,search,diabetes,200,0.157,6413,0,,
82,2026-09-23T20:08:24+00:00,20260923-150455-9a9da2,recommender,diabetes,200,4.623,25,25,LOINC;FCC1;OMIM;NANDO;CDPEO;CONDOR;FRMO;BIRTHONTO;IOBC;HPO,
83,2026-09-23T20:08:25+00:00,20260923-150455-9a9da2,search,cancer,200,0.177,31928,0,,
84,2026-09-23T20:08:29+00:00,20260923-150455-9a9da2,recommender,cancer,200,4.146,25,25,LOINC;OMIM;GCBO;FCC1;NCBITAXON;ICPC2P;MEDICALINFO;THESISDEMO;NIFSTD;IOBC,
85,2026-09-23T20:08:29+00:00,20260923-150455-9a9da2,search,melanoma,200,0.264,5777,0,,
86,2026-09-23T20:08:34+00:00,20260923-150455-9a9da2,recommender,melanoma,200,4.786,25,25,MESH;LOINC;NCIT;OMIM;CRISP;PDQ;ICPC2P;RH-MESH;IOBC;OCHV,
87,2026-09-23T20:08:34+00:00,20260923-150455-9a9da2,search,heart,200,0.26,28630,0,,
88,2026-09-23T20:08:39+00:00,20260923-150455-9a9da2,recommender,heart,200,4.446,25,25,LOINC;MESH;OMIM;RCD;NCIT;CRISP;EHDA;AI-RHEUM;XPO;PDRO,
89,2026-09-23T20:08:39+00:00,20260923-150455-9a9da2,search,kidney,200,0.202,16050,0,,
90,2026-09-23T20:08:43+00:00,20260923-150455-9a9da2,recommender,kidney,200,4.445,25,25,LOINC;MESH;RCD;NCIT;CRISP;OCHV;DDSS;BERO;IOBC;RH-MESH,
91,2026-09-23T20:08:43+00:00,20260923-150455-9a9da2,search,liver,200,0.163,14435,0,,
92,2026-09-23T20:08:47+00:00,20260923-150455-9a9da2,recommender,liver,200,3.969,25,25,MESH;LOINC;NDFRT;NCIT;OMIM;RCD;VANDF;CRISP;EHDA;DDSS,
93,2026-09-23T20:08:48+00:00,20260923-150455-9a9da2,search,asthma,200,0.188,1886,0,,
94,2026-09-23T20:08:52+00:00,20260923-150455-9a9da2,recommender,asthma,200,4.164,25,25,LOINC;MESH;SNOMEDCT;NCIT;ICD10CM;OMIM;RCD;CRISP;ICD9CM;ICD10,
95,2026-09-23T20:08:52+00:00,20260923-150455-9a9da2,search,influenza,200,0.162,9776,0,,
96,2026-09-23T20:08:56+00:00,20260923-150455-9a9da2,recommender,influenza,200,4.297,25,25,NDFRT;SNOMEDCT;CRISP;VANDF;RCD;ICD9CM;NCIT;ICPC2P;SSO;IOBC,
97,2026-09-23T20:08:56+00:00,20260923-150455-9a9da2,search,gene,200,0.181,55570,0,,
98,2026-09-23T20:09:01+00:00,20260923-150455-9a9da2,recommender,gene,200,4.132,25,25,PGXO;LOINC;NCIT;PDQ;SNOMEDCT;CRISP;ORTH;TML;IMGT-ONTOLOGY;KTAO,
99,2026-09-23T20:09:01+00:00,20260923-150455-9a9da2,search,protein,200,0.322,705248,0,,
100,2026-09-23T20:09:06+00:00,20260923-150455-9a9da2,recommender,protein,200,5.131,25,25,LOINC;NCIT;SNOMEDCT;NDFRT;VANDF;CRISP;NIFSTD;GO-EXT;WIKIPATHWAYS;PDRO,
101,2026-09-23T20:09:06+00:00,20260923-150455-9a9da2,search,cell,200,0.201,268637,0,,
102,2026-09-23T20:09:11+00:00,20260923-150455-9a9da2,recommender,cell,200,4.796,25,25,NCIT;SNOMEDCT;CRISP;MESH;STY;OMIM;RXNORM;NDFRT;LOINC;MEDLINEPLUS,
103,2026-09-23T20:09:11+00:00,20260923-150455-9a9da2,search,neuron,200,0.162,40722,0,,
104,2026-09-23T20:09:11+00:00,20260923-150858-213570,search,diabetes,200,0.183,6413,0,,
105,2026-09-23T20:09:15+00:00,20260923-150455-9a9da2,recommender,neuron,200,4.037,25,25,SNOMEDCT;CRISP;NEUDIGS;NCIT;PLANP;OBOREL;ECAO;XPO;NIFSTD;UPHENO,
106,2026-09-23T20:09:15+00:00,20260923-150455-9a9da2,search,brain,200,0.165,24470,0,,
107,2026-09-23T20:09:17+00:00,20260923-150858-213570,recommender,diabetes,200,5.461,25,25,LOINC;FCC1;OMIM;NANDO;CDPEO;CONDOR;FRMO;BIRTHONTO;IOBC;HPO,
108,2026-09-23T20:09:17+00:00,20260923-150858-213570,search,cancer,200,0.199,31928,0,,
109,2026-09-23T20:09:20+00:00,20260923-150455-9a9da2,recommender,brain,200,4.423,25,25,MESH;LOINC;NCIT;RCD;CRISP;EHDA;NIFSTD;BERO;IOBC;OCHV,
110,2026-09-23T20:09:20+00:00,20260923-150455-9a9da2,search,bone,200,0.214,58446,0,,
111,2026-09-23T20:09:21+00:00,20260923-150858-213570,recommender,cancer,200,3.954,25,25,LOINC;OMIM;GCBO;FCC1;NCBITAXON;ICPC2P;MEDICALINFO;THESISDEMO;NIFSTD;IOBC,
112,2026-09-23T20:09:21+00:00,20260923-150858-213570,search,melanoma,200,0.167,5777,0,,
113,2026-09-23T20:09:26+00:00,20260923-150455-9a9da2,recommender,bone,200,5.833,25,25,LOINC;NCIT;RCD;CRISP;IOBC;OCHV;BERO;FMA;BIOMODELS;PLOSTHES,
114,2026-09-23T20:09:26+00:00,20260923-150858-213570,recommender,melanoma,200,4.731,25,25,MESH;LOINC;NCIT;OMIM;CRISP;PDQ;ICPC2P;RH-MESH;IOBC;OCHV,
115,2026-09-23T20:09:26+00:00,20260923-150455-9a9da2,search,blood pressure,200,0.198,94126,0,,
116,2026-09-23T20:09:26+00:00,20260923-150858-213570,search,heart,200,0.176,28630,0,,
117,2026-09-23T20:09:31+00:00,20260923-150858-213570,recommender,heart,200,4.611,25,25,LOINC;MESH;OMIM;RCD;NCIT;CRISP;EHDA;AI-RHEUM;XPO;PDRO,
118,2026-09-23T20:09:31+00:00,20260923-150858-213570,search,kidney,200,0.158,16050,0,,
119,2026-09-23T20:09:31+00:00,20260923-150455-9a9da2,recommender,blood pressure,200,5.005,25,25,LOINC;OCHV;NCIT;MEDLINEPLUS;MESH;SNOMEDCT;CRISP;RCD;RH-MESH;O3,
120,2026-09-23T20:09:31+00:00,20260923-150455-9a9da2,search,vaccine,200,0.16,22491,0,,
121,2026-09-23T20:09:35+00:00,20260923-150858-213570,recommender,kidney,200,3.837,25,25,LOINC;MESH;RCD;NCIT;CRISP;OCHV;DDSS;BERO;IOBC;RH-MESH,
122,2026-09-23T20:09:35+00:00,20260923-150455-9a9da2,recommender,vaccine,200,4.038,25,25,LOINC;CRISP;NCIT;PDRO;OCHV;VIO;IOBC;BERO;OBI;CIDO,
123,2026-09-23T20:09:36+00:00,20260923-150455-9a9da2,search,antibiotic,200,0.188,3473,0,,
124,2026-09-23T20:09:36+00:00,20260923-150858-213570,search,liver,200,0.988,14435,0,,
125,2026-09-23T20:09:40+00:00,20260923-150858-213570,recommender,liver,200,4.085,25,25,MESH;LOINC;NDFRT;NCIT;OMIM;RCD;VANDF;CRISP;EHDA;DDSS,
126,2026-09-23T20:09:40+00:00,20260923-150455-9a9da2,recommender,antibiotic,200,4.4,25,25,CRISP;STY;RCD;LOINC;MESH;AI-RHEUM;WHO-ART;MEDLINEPLUS;COSTART;NDFRT,
127,2026-09-23T20:09:40+00:00,20260923-150858-213570,search,asthma,200,0.179,1886,0,,
128,2026-09-23T20:09:40+00:00,20260923-150455-9a9da2,search,drug,200,0.168,32535,0,,
129,2026-09-23T20:09:44+00:00,20260923-150455-9a9da2,recommender,drug,200,3.961,25,25,DBM;LOINC;RCD;PGXO;DDSS;VALUESETS;SCHEMA;OCHV;PDRO;HHEAR,
130,2026-09-23T20:09:44+00:00,20260923-150455-9a9da2,search,pregnancy,200,0.172,9284,0,,
131,2026-09-23T20:09:46+00:00,20260923-150858-213570,recommender,asthma,200,5.638,25,25,LOINC;MESH;SNOMEDCT;NCIT;ICD10CM;OMIM;RCD;CRISP;ICD9CM;ICD10,
132,2026-09-23T20:09:46+00:00,20260923-150858-213570,search,influenza,200,0.183,9776,0,,
133,2026-09-23T20:09:48+00:00,20260923-150455-9a9da2,recommender,pregnancy,200,3.71,25,25,LOINC;SNOMEDCT;MESH;NCIT;RCD;MEDLINEPLUS;CRISP;IOBC;ANCO;OCHV,
134,2026-09-23T20:09:48+00:00,20260923-150455-9a9da2,search,obesity,200,0.154,1563,0,,
135,2026-09-23T20:09:50+00:00,20260923-150858-213570,recommender,influenza,200,4.488,25,25,NDFRT;SNOMEDCT;CRISP;VANDF;RCD;ICD9CM;NCIT;ICPC2P;SSO;IOBC,
136,2026-09-23T20:09:51+00:00,20260923-150858-213570,search,gene,200,0.153,55570,0,,
137,2026-09-23T20:09:52+00:00,20260923-150455-9a9da2,recommender,obesity,200,4.021,25,25,OMIM;MESH;SNOMEDCT;NCIT;LOINC;RCD;MEDLINEPLUS;CRISP;ICD10;WHO-ART,
138,2026-09-23T20:09:52+00:00,20260923-150455-9a9da2,search,sleep,200,0.158,4270,0,,
139,2026-09-23T20:09:55+00:00,20260923-150858-213570,recommender,gene,200,4.152,25,25,PGXO;LOINC;NCIT;PDQ;SNOMEDCT;CRISP;ORTH;TML;IMGT-ONTOLOGY;KTAO,
140,2026-09-23T20:09:55+00:00,20260923-150858-213570,search,protein,200,0.172,705248,0,,
141,2026-09-23T20:09:56+00:00,20260923-150455-9a9da2,recommender,sleep,200,3.482,25,25,MESH;CRISP;SNOMEDCT;LOINC;G4-DSIP;ONTOPARON_SOCIAL;RCD;NCIT;BERO;GO,
142,2026-09-23T20:09:56+00:00,20260923-150455-9a9da2,search,anxiety,200,0.145,1741,0,,
143,2026-09-23T20:10:00+00:00,20260923-150858-213570,recommender,protein,200,5.142,25,25,LOINC;NCIT;SNOMEDCT;NDFRT;VANDF;CRISP;NIFSTD;GO-EXT;WIKIPATHWAYS;PDRO,
144,2026-09-23T20:10:00+00:00,20260923-150858-213570,search,cell,200,0.158,268637,0,,
145,2026-09-23T20:10:01+00:00,20260923-150455-9a9da2,recommender,anxiety,200,4.686,25,25,NCIT;LOINC;MESH;OMIM;SNOMEDCT;SNMI;MEDLINEPLUS;CRISP;WHO-ART;COSTART,
146,2026-09-23T20:10:02+00:00,20260923-150455-9a9da2,search,depression,200,1.056,2173,0,,
147,2026-09-23T20:10:05+00:00,20260923-150858-213570,recommender,cell,200,4.585,25,25,NCIT;SNOMEDCT;CRISP;MESH;STY;OMIM;RXNORM;NDFRT;LOINC;MEDLINEPLUS,
148,2026-09-23T20:10:05+00:00,20260923-150858-213570,search,neuron,200,0.154,40722,0,,
149,2026-09-23T20:10:07+00:00,20260923-150455-9a9da2,recommender,depression,200,4.852,25,25,NCIT;LOINC;MESH;MEDLINEPLUS;COSTART;OMIM;PDQ;CRISP;WHO-ART;ICPC2P,
150,2026-09-23T20:10:07+00:00,20260923-150455-9a9da2,search,mouse,200,0.177,92795,0,,
151,2026-09-23T20:10:10+00:00,20260923-150858-213570,recommender,neuron,200,4.648,25,25,SNOMEDCT;CRISP;NEUDIGS;NCIT;PLANP;OBOREL;ECAO;XPO;NIFSTD;UPHENO,
152,2026-09-23T20:10:10+00:00,20260923-150858-213570,search,brain,200,0.177,24470,0,,
153,2026-09-23T20:10:11+00:00,20260923-150455-9a9da2,recommender,mouse,200,4.137,25,25,SNOMEDCT;LOINC;RCD;NCIT;BERO;PTRO;OCHV;FOODON;NIFSTD;GFO-BIO,
154,2026-09-23T20:10:11+00:00,20260923-150455-9a9da2,search,zebrafish,200,0.164,5908,0,,
155,2026-09-23T20:10:14+00:00,20260923-150858-213570,recommender,brain,200,4.306,25,25,MESH;LOINC;NCIT;RCD;CRISP;EHDA;NIFSTD;BERO;IOBC;OCHV,
156,2026-09-23T20:10:14+00:00,20260923-150858-213570,search,bone,200,0.172,58446,0,,
157,2026-09-23T20:10:15+00:00,20260923-150455-9a9da2,recommender,zebrafish,200,3.537,25,25,CRISP;MESH;NCIT;BERO;OCHV;GFO-BIO;RH-MESH;AHOL;FOODON;NIFSTD,
158,2026-09-23T20:10:16+00:00,20260923-150455-9a9da2,search,plant,200,0.89,10276,0,,
159,2026-09-23T20:10:20+00:00,20260923-150455-9a9da2,recommender,plant,200,4.084,25,25,LOINC;CRISP;RCD;MESH;STY;SNOMEDCT;NDFRT;RXNORM;MEDLINEPLUS;WHO-ART,
160,2026-09-23T20:10:20+00:00,20260923-150455-9a9da2,search,soil,200,0.165,2543,0,,
161,2026-09-23T20:10:21+00:00,20260923-150858-213570,recommender,bone,200,6.1,25,25,LOINC;NCIT;RCD;CRISP;IOBC;OCHV;BERO;FMA;BIOMODELS;PLOSTHES,
162,2026-09-23T20:10:21+00:00,20260923-150858-213570,search,blood pressure,200,0.161,94126,0,,
163,2026-09-23T20:10:25+00:00,20260923-150455-9a9da2,recommender,soil,200,4.948,25,25,RH-MESH;MESH;SNOMEDCT;CRISP;LOINC;INFRARISK;VALUESETS;OCHV;EVS;BERO,
164,2026-09-23T20:10:25+00:00,20260923-150455-9a9da2,search,climate,200,0.153,283,0,,
165,2026-09-23T20:10:26+00:00,20260923-150858-213570,recommender,blood pressure,200,5.145,25,25,LOINC;OCHV;NCIT;MEDLINEPLUS;MESH;SNOMEDCT;CRISP;RCD;RH-MESH;O3,
166,2026-09-23T20:10:26+00:00,20260923-150858-213570,search,vaccine,200,0.167,22491,0,,
167,2026-09-23T20:10:29+00:00,20260923-150455-9a9da2,recommender,climate,200,3.435,23,23,RH-MESH;CRISP;MESH;ENVTHES;CASE-BASE-ONTO;CCON;OCHV;BERO;COMET;LTER-CV,
168,2026-09-23T20:10:29+00:00,20260923-150455-9a9da2,search,food,200,0.146,10849,0,,
169,2026-09-23T20:10:30+00:00,20260923-150858-213570,recommender,vaccine,200,3.629,25,25,LOINC;CRISP;NCIT;PDRO;OCHV;VIO;IOBC;BERO;OBI;CIDO,
170,2026-09-23T20:10:30+00:00,20260923-150858-213570,search,antibiotic,200,0.163,3473,0,,
171,2026-09-23T20:10:33+00:00,20260923-150455-9a9da2,recommender,food,200,3.859,25,25,LOINC;CRISP;MESH;SNOMEDCT;STY;NCIT;ATC;AI-RHEUM;WHO-ART;MEDLINEPLUS,
172,2026-09-23T20:10:33+00:00,20260923-150455-9a9da2,search,nutrition,200,0.149,1801,0,,
173,2026-09-23T20:10:34+00:00,20260923-150858-213570,recommender,antibiotic,200,3.855,25,25,CRISP;STY;RCD;LOINC;MESH;AI-RHEUM;WHO-ART;MEDLINEPLUS;COSTART;NDFRT,
174,2026-09-23T20:10:35+00:00,20260923-150858-213570,search,drug,200,1.139,32535,0,,
175,2026-09-23T20:10:39+00:00,20260923-150455-9a9da2,recommender,nutrition,200,5.731,25,25,NCIT;LOINC;MEDLINEPLUS;CRISP;SNOMEDCT;MEDEON;IOBC;CBHT;PESONT;AO,
176,2026-09-23T20:10:39+00:00,20260923-150455-9a9da2,search,clinical trial,200,0.199,17076,0,,
177,2026-09-23T20:10:39+00:00,20260923-150858-213570,recommender,drug,200,4.479,25,25,DBM;LOINC;RCD;PGXO;DDSS;VALUESETS;SCHEMA;OCHV;PDRO;HHEAR,
178,2026-09-23T20:10:41+00:00,20260923-150858-213570,search,pregnancy,200,1.115,9284,0,,
179,2026-09-23T20:10:42+00:00,20260923-150455-9a9da2,recommender,clinical trial,200,3.661,25,25,NCIT;PDRO;MESH;SNOMEDCT;CRISP;OCHV;SCO;HL7;RH-MESH;CANCO,
180,2026-09-23T20:10:43+00:00,20260923-150455-9a9da2,search,imaging,200,0.17,16416,0,,
181,2026-09-23T20:10:46+00:00,20260923-150858-213570,recommender,pregnancy,200,5.552,25,25,LOINC;SNOMEDCT;MESH;NCIT;RCD;MEDLINEPLUS;CRISP;IOBC;ANCO;OCHV,
182,2026-09-23T20:10:46+00:00,20260923-150858-213570,search,obesity,200,0.2,1563,0,,
183,2026-09-23T20:10:46+00:00,20260923-150455-9a9da2,recommender,imaging,200,3.8,25,25,PANET;SNOMEDCT;LOINC;BCSR-ONTO;O3;HPO;BMT;JERM;CKDO;NAMO,
184,2026-09-23T20:10:47+00:00,20260923-150455-9a9da2,search,surgery,200,0.166,4888,0,,
185,2026-09-23T20:10:51+00:00,20260923-150455-9a9da2,recommender,surgery,200,4.028,25,25,LOINC;MESH;SNOMEDCT;NCIT;RCD;MEDLINEPLUS;CRISP;O3;IOBC;OCHV,
186,2026-09-23T20:10:51+00:00,20260923-150455-9a9da2,search,pathology,200,0.178,2469,0,,
187,2026-09-23T20:10:51+00:00,20260923-150858-213570,recommender,obesity,200,4.602,25,25,OMIM;MESH;SNOMEDCT;NCIT;LOINC;RCD;MEDLINEPLUS;CRISP;ICD10;WHO-ART,
188,2026-09-23T20:10:51+00:00,20260923-150858-213570,search,sleep,200,0.148,4270,0,,
189,2026-09-23T20:10:54+00:00,20260923-150455-9a9da2,recommender,pathology,200,3.594,25,25,LOINC;MESH;SNOMEDCT;NCIT;CRISP;ICPC2P;OCHV;RH-MESH;IOBC;ONTOAD,
190,2026-09-23T20:10:55+00:00,20260923-150455-9a9da2,search,genome,200,0.229,2546,0,,
191,2026-09-23T20:10:55+00:00,20260923-150858-213570,recommender,sleep,200,3.575,25,25,MESH;CRISP;SNOMEDCT;LOINC;G4-DSIP;ONTOPARON_SOCIAL;RCD;NCIT;BERO;GO,
192,2026-09-23T20:10:55+00:00,20260923-150858-213570,search,anxiety,200,0.151,1741,0,,
193,2026-09-23T20:10:58+00:00,20260923-150455-9a9da2,recommender,genome,200,3.571,25,25,GCO;MESH;SNOMEDCT;CRISP;NCIT;KTAO;OCHV;IDOBRU;RH-MESH;VIO,
194,2026-09-23T20:10:58+00:00,20260923-150455-9a9da2,search,rna,200,0.236,43733,0,,
195,2026-09-23T20:11:00+00:00,20260923-150858-213570,recommender,anxiety,200,4.941,25,25,NCIT;LOINC;MESH;OMIM;SNOMEDCT;SNMI;MEDLINEPLUS;CRISP;WHO-ART;COSTART,
196,2026-09-23T20:11:00+00:00,20260923-150858-213570,search,depression,200,0.168,2173,0,,
197,2026-09-23T20:11:02+00:00,20260923-150455-9a9da2,recommender,rna,200,3.704,25,25,WIKIPATHWAYS;LOINC;MESH;VALUESETS;RXNORM;CRISP;GO-EXT;NIFSTD;EDAM;BERO,
198,2026-09-23T20:11:02+00:00,20260923-150455-9a9da2,search,enzyme,200,0.163,11780,0,,
199,2026-09-23T20:11:04+00:00,20260923-150858-213570,recommender,depression,200,4.356,25,25,NCIT;LOINC;MESH;MEDLINEPLUS;COSTART;OMIM;PDQ;CRISP;WHO-ART;ICPC2P,
200,2026-09-23T20:11:05+00:00,20260923-150858-213570,search,mouse,200,0.141,92795,0,,
201,2026-09-23T20:11:06+00:00,20260923-150455-9a9da2,recommender,enzyme,200,4.085,25,25,SNOMEDCT;CRISP;STY;LOINC;RCD;MESH;VALUESETS;AI-RHEUM;WHO-ART;MEDLINEPLUS,
202,2026-09-23T20:11:07+00:00,20260923-150455-9a9da2,search,infection,200,0.163,21229,0,,
203,2026-09-23T20:11:09+00:00,20260923-150858-213570,recommender,mouse,200,4.436,25,25,SNOMEDCT;LOINC;RCD;NCIT;BERO;PTRO;OCHV;FOODON;NIFSTD;GFO-BIO,
204,2026-09-23T20:11:09+00:00,20260923-150858-213570,search,zebrafish,200,0.208,5908,0,,
205,2026-09-23T20:11:11+00:00,20260923-150455-9a9da2,recommender,infection,200,4.391,25,25,LOINC;COSTART;RCD;CRISP;WHO-ART;PDQ;ICPC2P;IOBC;OCHV;RH-MESH,
206,2026-09-23T20:11:11+00:00,20260923-150455-9a9da2,search,covid-19,200,0.202,22762,0,,
207,2026-09-23T20:11:13+00:00,20260923-150858-213570,recommender,zebrafish,200,3.963,25,25,CRISP;MESH;NCIT;BERO;OCHV;GFO-BIO;RH-MESH;AHOL;FOODON;NIFSTD,
208,2026-09-23T20:11:13+00:00,20260923-150858-213570,search,plant,200,0.159,10276,0,,
209,2026-09-23T20:11:15+00:00,20260923-150455-9a9da2,recommender,covid-19,200,3.744,25,25,MESH;SNOMEDCT;ICD10CM;COVID19;COVID19-IBO;CIDO;ZONMW-CONTENT;IDO-COVID-19;COVID-19;MIO,
210,2026-09-23T20:11:15+00:00,20260923-150455-9a9da2,search,rare disease,200,0.169,69864,0,,
211,2026-09-23T20:11:18+00:00,20260923-150858-213570,recommender,plant,200,4.134,25,25,LOINC;CRISP;RCD;MESH;STY;SNOMEDCT;NDFRT;RXNORM;MEDLINEPLUS;WHO-ART,
212,2026-09-23T20:11:18+00:00,20260923-150858-213570,search,soil,200,0.147,2543,0,,
213,2026-09-23T20:11:19+00:00,20260923-150455-9a9da2,recommender,rare disease,200,4.23,9,9,OSDI;IOBC;HRDO;MESH;CRISP;NCIT;MONDO;OCHV;MDM,
214,2026-09-23T20:11:22+00:00,20260923-150858-213570,recommender,soil,200,3.826,25,25,RH-MESH;MESH;SNOMEDCT;CRISP;LOINC;INFRARISK;VALUESETS;OCHV;EVS;BERO,
215,2026-09-23T20:11:22+00:00,20260923-150858-213570,search,climate,200,0.218,283,0,,
216,2026-09-23T20:11:26+00:00,20260923-150858-213570,recommender,climate,200,4.203,23,23,RH-MESH;CRISP;MESH;ENVTHES;CASE-BASE-ONTO;CCON;OCHV;BERO;COMET;LTER-CV,
217,2026-09-23T20:11:26+00:00,20260923-150858-213570,search,food,200,0.145,10849,0,,
218,2026-09-23T20:11:32+00:00,20260923-150858-213570,recommender,food,200,6.233,25,25,LOINC;CRISP;MESH;SNOMEDCT;STY;NCIT;ATC;AI-RHEUM;WHO-ART;MEDLINEPLUS,
219,2026-09-23T20:11:33+00:00,20260923-150858-213570,search,nutrition,200,0.154,1801,0,,
220,2026-09-23T20:11:37+00:00,20260923-150858-213570,recommender,nutrition,200,4.213,25,25,NCIT;LOINC;MEDLINEPLUS;CRISP;SNOMEDCT;MEDEON;IOBC;CBHT;PESONT;AO,
221,2026-09-23T20:11:37+00:00,20260923-150858-213570,search,clinical trial,200,0.145,17076,0,,
222,2026-09-23T20:11:41+00:00,20260923-150858-213570,recommender,clinical trial,200,3.999,25,25,NCIT;PDRO;MESH;SNOMEDCT;CRISP;OCHV;SCO;HL7;RH-MESH;CANCO,
223,2026-09-23T20:11:41+00:00,20260923-150858-213570,search,imaging,200,0.164,16416,0,,
224,2026-09-23T20:11:45+00:00,20260923-150858-213570,recommender,imaging,200,3.819,25,25,PANET;SNOMEDCT;LOINC;BCSR-ONTO;O3;HPO;BMT;JERM;CKDO;NAMO,
225,2026-09-23T20:11:45+00:00,20260923-150858-213570,search,surgery,200,0.171,4888,0,,
226,2026-09-23T20:11:52+00:00,20260923-150858-213570,recommender,surgery,200,6.444,25,25,LOINC;MESH;SNOMEDCT;NCIT;RCD;MEDLINEPLUS;CRISP;O3;IOBC;OCHV,
227,2026-09-23T20:11:52+00:00,20260923-150858-213570,search,pathology,200,0.174,2469,0,,
228,2026-09-23T20:11:56+00:00,20260923-150858-213570,recommender,pathology,200,3.994,25,25,LOINC;MESH;SNOMEDCT;NCIT;CRISP;ICPC2P;OCHV;RH-MESH;IOBC;ONTOAD,
229,2026-09-23T20:11:56+00:00,20260923-150858-213570,search,genome,200,0.185,2546,0,,
230,2026-09-23T20:12:00+00:00,20260923-150858-213570,recommender,genome,200,4.041,25,25,GCO;MESH;SNOMEDCT;CRISP;NCIT;KTAO;OCHV;IDOBRU;RH-MESH;VIO,
231,2026-09-23T20:12:00+00:00,20260923-150858-213570,search,rna,200,0.152,43733,0,,
232,2026-09-23T20:12:04+00:00,20260923-150858-213570,recommender,rna,200,4.016,25,25,WIKIPATHWAYS;LOINC;MESH;VALUESETS;RXNORM;CRISP;GO-EXT;NIFSTD;EDAM;BERO,
233,2026-09-23T20:12:05+00:00,20260923-150858-213570,search,enzyme,200,0.149,11780,0,,
234,2026-09-23T20:12:09+00:00,20260923-150858-213570,recommender,enzyme,200,4.249,25,25,SNOMEDCT;CRISP;STY;LOINC;RCD;MESH;VALUESETS;AI-RHEUM;WHO-ART;MEDLINEPLUS,
235,2026-09-23T20:12:09+00:00,20260923-150858-213570,search,infection,200,0.19,21229,0,,
236,2026-09-23T20:12:16+00:00,20260923-150858-213570,recommender,infection,200,6.591,25,25,LOINC;COSTART;RCD;CRISP;WHO-ART;PDQ;ICPC2P;IOBC;OCHV;RH-MESH,
237,2026-09-23T20:12:16+00:00,20260923-150858-213570,search,covid-19,200,0.154,22762,0,,
238,2026-09-23T20:12:20+00:00,20260923-150858-213570,recommender,covid-19,200,3.993,25,25,MESH;SNOMEDCT;ICD10CM;COVID19;COVID19-IBO;CIDO;ZONMW-CONTENT;IDO-COVID-19;COVID-19;MIO,
239,2026-09-23T20:12:20+00:00,20260923-150858-213570,search,rare disease,200,0.164,69864,0,,
240,2026-09-23T20:12:24+00:00,20260923-150858-213570,recommender,rare disease,200,4.232,9,9,OSDI;IOBC;HRDO;MESH;CRISP;NCIT;MONDO;OCHV;MDM,
241,2026-09-23T22:53:58+00:00,20260923-175343-0ecbf1,search,diabetes,200,0.17,6413,0,,
242,2026-09-23T22:54:02+00:00,20260923-175343-0ecbf1,recommender,diabetes,200,4.038,25,25,LOINC;FCC1;OMIM;NANDO;CDPEO;CONDOR;FRMO;BIRTHONTO;IOBC;HPO,
243,2026-09-23T22:54:03+00:00,20260923-175343-0ecbf1,search,cancer,200,0.18,31928,0,,
244,2026-09-23T22:54:08+00:00,20260923-175343-0ecbf1,recommender,cancer,200,5.533,25,25,LOINC;OMIM;GCBO;FCC1;NCBITAXON;ICPC2P;MEDICALINFO;THESISDEMO;NIFSTD;IOBC,
245,2026-09-23T22:54:08+00:00,20260923-175343-0ecbf1,search,melanoma,200,0.17,5777,0,,
246,2026-09-23T22:54:12+00:00,20260923-175343-0ecbf1,recommender,melanoma,200,3.521,25,25,MESH;LOINC;NCIT;OMIM;CRISP;PDQ;ICPC2P;RH-MESH;IOBC;OCHV,
247,2026-09-23T22:54:12+00:00,20260923-175343-0ecbf1,search,heart,200,0.204,28630,0,,
248,2026-09-23T22:54:17+00:00,20260923-175343-0ecbf1,recommender,heart,200,5.087,25,25,LOINC;MESH;OMIM;RCD;NCIT;CRISP;EHDA;AI-RHEUM;XPO;PDRO,
249,2026-09-23T22:54:17+00:00,20260923-175343-0ecbf1,search,kidney,200,0.179,16050,0,,
250,2026-09-23T22:54:21+00:00,20260923-175343-0ecbf1,recommender,kidney,200,4.227,25,25,LOINC;MESH;RCD;NCIT;CRISP;OCHV;DDSS;BERO;IOBC;RH-MESH,
251,2026-09-23T22:54:22+00:00,20260923-175343-0ecbf1,search,liver,200,0.181,14435,0,,
252,2026-09-23T22:54:26+00:00,20260923-175343-0ecbf1,recommender,liver,200,4.381,25,25,MESH;LOINC;NDFRT;NCIT;OMIM;RCD;VANDF;CRISP;EHDA;DDSS,
253,2026-09-23T22:54:26+00:00,20260923-175343-0ecbf1,search,asthma,200,0.168,1886,0,,
254,2026-09-23T22:54:30+00:00,20260923-175343-0ecbf1,recommender,asthma,200,4.041,25,25,LOINC;MESH;SNOMEDCT;NCIT;ICD10CM;OMIM;RCD;CRISP;ICD9CM;ICD10,
255,2026-09-23T22:54:30+00:00,20260923-175343-0ecbf1,search,influenza,200,0.16,9776,0,,
256,2026-09-23T22:54:34+00:00,20260923-175343-0ecbf1,recommender,influenza,200,3.648,25,25,NDFRT;SNOMEDCT;CRISP;VANDF;RCD;ICD9CM;NCIT;ICPC2P;SSO;IOBC,
257,2026-09-23T22:54:34+00:00,20260923-175343-0ecbf1,search,gene,200,0.166,55570,0,,
258,2026-09-23T22:54:38+00:00,20260923-175343-0ecbf1,recommender,gene,200,3.93,25,25,PGXO;LOINC;NCIT;PDQ;SNOMEDCT;CRISP;ORTH;TML;IMGT-ONTOLOGY;KTAO,
259,2026-09-23T22:54:39+00:00,20260923-175343-0ecbf1,search,protein,200,0.322,705248,0,,
260,2026-09-23T22:54:45+00:00,20260923-175343-0ecbf1,recommender,protein,200,5.975,25,25,LOINC;NCIT;SNOMEDCT;NDFRT;VANDF;CRISP;NIFSTD;GO-EXT;WIKIPATHWAYS;PDRO,
261,2026-09-23T22:54:45+00:00,20260923-175343-0ecbf1,search,cell,200,0.202,268637,0,,
262,2026-09-23T22:54:49+00:00,20260923-175343-0ecbf1,recommender,cell,200,4.091,25,25,NCIT;SNOMEDCT;CRISP;MESH;STY;OMIM;RXNORM;NDFRT;LOINC;MEDLINEPLUS,
263,2026-09-23T22:54:49+00:00,20260923-175343-0ecbf1,search,neuron,200,0.161,40722,0,,
264,2026-09-23T22:54:53+00:00,20260923-175343-0ecbf1,recommender,neuron,200,3.99,25,25,SNOMEDCT;CRISP;NEUDIGS;NCIT;PLANP;OBOREL;ECAO;XPO;NIFSTD;UPHENO,
265,2026-09-23T22:54:53+00:00,20260923-175343-0ecbf1,search,brain,200,0.17,24470,0,,
266,2026-09-23T22:54:59+00:00,20260923-175343-0ecbf1,recommender,brain,200,5.205,25,25,MESH;LOINC;NCIT;RCD;CRISP;EHDA;NIFSTD;BERO;IOBC;OCHV,
267,2026-09-23T22:54:59+00:00,20260923-175343-0ecbf1,search,bone,200,0.195,58446,0,,
268,2026-09-23T22:55:03+00:00,20260923-175343-0ecbf1,recommender,bone,200,4.073,25,25,LOINC;NCIT;RCD;CRISP;IOBC;OCHV;BERO;FMA;BIOMODELS;PLOSTHES,
269,2026-09-23T22:55:03+00:00,20260923-175343-0ecbf1,search,blood pressure,200,0.178,94126,0,,
270,2026-09-23T22:55:08+00:00,20260923-175343-0ecbf1,recommender,blood pressure,200,4.639,25,25,LOINC;OCHV;NCIT;MEDLINEPLUS;MESH;SNOMEDCT;CRISP;RCD;RH-MESH;O3,
271,2026-09-23T22:55:08+00:00,20260923-175343-0ecbf1,search,vaccine,200,0.178,22491,0,,
272,2026-09-23T22:55:12+00:00,20260923-175343-0ecbf1,recommender,vaccine,200,3.965,25,25,LOINC;CRISP;NCIT;PDRO;OCHV;VIO;IOBC;BERO;OBI;CIDO,
273,2026-09-23T22:55:12+00:00,20260923-175343-0ecbf1,search,antibiotic,200,0.153,3473,0,,
274,2026-09-23T22:55:16+00:00,20260923-175343-0ecbf1,recommender,antibiotic,200,3.795,25,25,CRISP;STY;RCD;LOINC;MESH;AI-RHEUM;WHO-ART;MEDLINEPLUS;COSTART;NDFRT,
275,2026-09-23T22:55:16+00:00,20260923-175343-0ecbf1,search,drug,200,0.163,32535,0,,
276,2026-09-23T22:55:20+00:00,20260923-175343-0ecbf1,recommender,drug,200,3.765,25,25,DBM;LOINC;RCD;PGXO;DDSS;VALUESETS;SCHEMA;OCHV;PDRO;HHEAR,
277,2026-09-23T22:55:21+00:00,20260923-175343-0ecbf1,search,pregnancy,200,1.063,9284,0,,
278,2026-09-23T22:55:25+00:00,20260923-175343-0ecbf1,recommender,pregnancy,200,3.82,25,25,LOINC;SNOMEDCT;MESH;NCIT;RCD;MEDLINEPLUS;CRISP;IOBC;ANCO;OCHV,
279,2026-09-23T22:55:25+00:00,20260923-175343-0ecbf1,search,obesity,200,0.234,1563,0,,
280,2026-09-23T22:55:29+00:00,20260923-175343-0ecbf1,recommender,obesity,200,4.208,25,25,OMIM;MESH;SNOMEDCT;NCIT;LOINC;RCD;MEDLINEPLUS;CRISP;ICD10;WHO-ART,
281,2026-09-23T22:55:29+00:00,20260923-175343-0ecbf1,search,sleep,200,0.222,4270,0,,
282,2026-09-23T22:55:35+00:00,20260923-175343-0ecbf1,recommender,sleep,200,5.304,25,25,MESH;CRISP;SNOMEDCT;LOINC;G4-DSIP;ONTOPARON_SOCIAL;RCD;NCIT;BERO;GO,
283,2026-09-23T22:55:35+00:00,20260923-175343-0ecbf1,search,anxiety,200,0.16,1741,0,,
284,2026-09-23T22:55:39+00:00,20260923-175343-0ecbf1,recommender,anxiety,200,4.257,25,25,NCIT;LOINC;MESH;OMIM;SNOMEDCT;SNMI;MEDLINEPLUS;CRISP;WHO-ART;COSTART,
285,2026-09-23T22:55:39+00:00,20260923-175343-0ecbf1,search,depression,200,0.168,2173,0,,
286,2026-09-23T22:55:44+00:00,20260923-175343-0ecbf1,recommender,depression,200,4.238,25,25,NCIT;LOINC;MESH;MEDLINEPLUS;COSTART;OMIM;PDQ;CRISP;WHO-ART;ICPC2P,
287,2026-09-23T22:55:44+00:00,20260923-175343-0ecbf1,search,mouse,200,0.165,92795,0,,
288,2026-09-23T22:55:49+00:00,20260923-175343-0ecbf1,recommender,mouse,200,5.496,25,25,SNOMEDCT;LOINC;RCD;NCIT;BERO;PTRO;OCHV;FOODON;NIFSTD;GFO-BIO,
289,2026-09-23T22:55:50+00:00,20260923-175343-0ecbf1,search,zebrafish,200,1.141,5908,0,,
290,2026-09-23T22:55:54+00:00,20260923-175343-0ecbf1,recommender,zebrafish,200,3.44,25,25,CRISP;MESH;NCIT;BERO;OCHV;GFO-BIO;RH-MESH;AHOL;FOODON;NIFSTD,
291,2026-09-23T22:55:54+00:00,20260923-175343-0ecbf1,search,plant,200,0.163,10276,0,,
292,2026-09-23T22:55:58+00:00,20260923-175343-0ecbf1,recommender,plant,200,4.219,25,25,LOINC;CRISP;RCD;MESH;STY;SNOMEDCT;NDFRT;RXNORM;MEDLINEPLUS;WHO-ART,
293,2026-09-23T22:55:58+00:00,20260923-175343-0ecbf1,search,soil,200,0.153,2543,0,,
294,2026-09-23T22:56:02+00:00,20260923-175343-0ecbf1,recommender,soil,200,3.832,25,25,RH-MESH;MESH;SNOMEDCT;CRISP;LOINC;INFRARISK;VALUESETS;OCHV;EVS;BERO,
295,2026-09-23T22:56:02+00:00,20260923-175343-0ecbf1,search,climate,200,0.15,283,0,,
296,2026-09-23T22:56:06+00:00,20260923-175343-0ecbf1,recommender,climate,200,3.447,23,23,RH-MESH;CRISP;MESH;ENVTHES;CASE-BASE-ONTO;CCON;OCHV;BERO;COMET;LTER-CV,
297,2026-09-23T22:56:06+00:00,20260923-175343-0ecbf1,search,food,200,0.141,10849,0,,
298,2026-09-23T22:56:11+00:00,20260923-175343-0ecbf1,recommender,food,200,5.044,25,25,LOINC;CRISP;MESH;SNOMEDCT;STY;NCIT;ATC;AI-RHEUM;WHO-ART;MEDLINEPLUS,
299,2026-09-23T22:56:11+00:00,20260923-175343-0ecbf1,search,nutrition,200,0.185,1801,0,,
300,2026-09-23T22:56:15+00:00,20260923-175343-0ecbf1,recommender,nutrition,200,3.608,25,25,NCIT;LOINC;MEDLINEPLUS;CRISP;SNOMEDCT;MEDEON;IOBC;CBHT;PESONT;AO,
301,2026-09-23T22:56:15+00:00,20260923-175343-0ecbf1,search,clinical trial,200,0.222,17076,0,,
302,2026-09-23T22:56:19+00:00,20260923-175343-0ecbf1,recommender,clinical trial,200,3.761,25,25,NCIT;PDRO;MESH;SNOMEDCT;CRISP;OCHV;SCO;HL7;RH-MESH;CANCO,
303,2026-09-23T22:56:19+00:00,20260923-175343-0ecbf1,search,imaging,200,0.17,16416,0,,
304,2026-09-23T22:56:23+00:00,20260923-175343-0ecbf1,recommender,imaging,200,3.586,25,25,PANET;SNOMEDCT;LOINC;BCSR-ONTO;O3;HPO;BMT;JERM;CKDO;NAMO,
305,2026-09-23T22:56:23+00:00,20260923-175343-0ecbf1,search,surgery,200,0.189,4888,0,,
306,2026-09-23T22:56:27+00:00,20260923-175343-0ecbf1,recommender,surgery,200,4.143,25,25,LOINC;MESH;SNOMEDCT;NCIT;RCD;MEDLINEPLUS;CRISP;O3;IOBC;OCHV,
307,2026-09-23T22:56:27+00:00,20260923-175343-0ecbf1,search,pathology,200,0.186,2469,0,,
308,2026-09-23T22:56:31+00:00,20260923-175343-0ecbf1,recommender,pathology,200,3.578,25,25,LOINC;MESH;SNOMEDCT;NCIT;CRISP;ICPC2P;OCHV;RH-MESH;IOBC;ONTOAD,
309,2026-09-23T22:56:31+00:00,20260923-175343-0ecbf1,search,genome,200,0.143,2546,0,,
310,2026-09-23T22:56:35+00:00,20260923-175343-0ecbf1,recommender,genome,200,3.624,25,25,GCO;MESH;SNOMEDCT;CRISP;NCIT;KTAO;OCHV;IDOBRU;RH-MESH;VIO,
311,2026-09-23T22:56:35+00:00,20260923-175343-0ecbf1,search,rna,200,0.182,43733,0,,
312,2026-09-23T22:56:39+00:00,20260923-175343-0ecbf1,recommender,rna,200,3.848,25,25,WIKIPATHWAYS;LOINC;MESH;VALUESETS;RXNORM;CRISP;GO-EXT;NIFSTD;EDAM;BERO,
313,2026-09-23T22:56:39+00:00,20260923-175343-0ecbf1,search,enzyme,200,0.167,11780,0,,
314,2026-09-23T22:56:43+00:00,20260923-175343-0ecbf1,recommender,enzyme,200,4.278,25,25,SNOMEDCT;CRISP;STY;LOINC;RCD;MESH;VALUESETS;AI-RHEUM;WHO-ART;MEDLINEPLUS,
315,2026-09-23T22:56:43+00:00,20260923-175343-0ecbf1,search,infection,200,0.208,21229,0,,
316,2026-09-23T22:56:47+00:00,20260923-175343-0ecbf1,recommender,infection,200,3.84,25,25,LOINC;COSTART;RCD;CRISP;WHO-ART;PDQ;ICPC2P;IOBC;OCHV;RH-MESH,
317,2026-09-23T22:56:47+00:00,20260923-175343-0ecbf1,search,covid-19,200,0.177,22762,0,,
318,2026-09-23T22:56:51+00:00,20260923-175343-0ecbf1,recommender,covid-19,200,3.913,25,25,MESH;SNOMEDCT;ICD10CM;COVID19;COVID19-IBO;CIDO;ZONMW-CONTENT;IDO-COVID-19;COVID-19;MIO,
319,2026-09-23T22:56:52+00:00,20260923-175343-0ecbf1,search,rare disease,200,0.179,69864,0,,
320,2026-09-23T22:56:56+00:00,20260923-175343-0ecbf1,recommender,rare disease,200,4.332,9,9,OSDI;IOBC;HRDO;MESH;CRISP;NCIT;MONDO;OCHV;MDM,
